,nickname,userid,content,likecount,time,name
0,儿童节的雪,411908666,遇见你才明白，开往地老天荒其实不需要多勇敢，只需要你是终点。,113338,2017-08-28 15:39:36,爱情转移
1,ElGeneral,96539845,多希望有一天我的孩子问我 爸爸你的初恋是谁啊 的时候 我不是戴上老花眼镜翻开早已泛黄的照片和信，而是指指厨房里忙碌的背影说，你看 孩子，她就在那儿。,109567,2015-11-19 00:09:10,爱情转移
2,kk6741,36107601,第一次听的时候刚好失恋，那天在网吧通宵看完电影《爱情呼叫转移》的片尾响起了这首歌，一个大男生在网吧哭的一塌糊涂。。。一晃7年了，我还是一个人，错过了很多失去了，始终不明白荡气回肠最后还是为了最美的平凡。,56239,2015-03-15 20:39:07,爱情转移
3,峨眉周芷若r,19817752,其实每个人都会累，只是伪装着保护自己，有时像患了忧郁症一样，会突然心情不好。 偶尔像患了自闭症似的，不想说话也不想动。别人问起，也不知道该怎样回答。不是假装沉默，只是无力诉说。或许每个人都有一个死角，自己走不出来，别人也闯不进去，我把最深沉的秘密放在那里，你不懂我，我不怪你。,38581,2015-04-12 22:36:47,爱情转移
4,大橙子不,50022814,"""流浪几张双人床 换过几次信仰 才让戒指义无反顾的交换"" 多么现实又深刻的一句话。",32181,2015-12-22 12:38:11,爱情转移
5,钟意周杰伦,627465169,如果有人陪你异地恋千万不要随便把她弄丢她图你什么呢论距离，她图不到你的钱也睡不到你每天过着孤独的生活拒绝着身边的诱惑坚持下去那是因为她真的爱你,28319,2017-12-02 21:22:03,爱情转移
6,Yannischangdu,18323687,不知道为什么，只有这首歌喜欢国语版胜过粤语版,18991,2015-03-14 17:09:31,爱情转移
7,JYOBSXH,113790940,那年，她喜欢陈奕迅，我喜欢她。现在，我喜欢陈奕迅，她却喜欢他⋯⋯,17406,2016-02-05 00:15:47,爱情转移
8,-_好好生活-_,1436951035,你连前奏都没听完，怎么知道是富士山下还是爱情转移。我的意思是，你为什么不再等一等。,16921,2021-12-16 17:45:29,爱情转移
9,宬宬宬亰範,30545073,今晚听到忽然觉得比三年前好听,12954,2014-10-26 23:30:26,爱情转移
10,没道理_5,593568542,我和初恋中间隔了六年又和好啦！,12853,2020-04-01 22:20:39,爱情转移
11,束手无策了-,51164296,eason曾说过，爱情转移是一首不是人唱的歌。如果你一字一句连停顿气息都照着eason的原版模仿，你会发现真的不是人唱的。,11742,2015-06-12 00:34:29,爱情转移
12,越走越远_MMMM,347595536,遇见你是富士山下，离开你是爱情转移 ,9932,2020-01-27 19:37:14,爱情转移
13,urya-,1619101245,"爱情里有两种遗憾 一种是你曾经那么用力爱过 最后却发现那个人根本不值得 另一种是你没有好好去爱 失去了 才发现那是一个真正值得的人",9707,2019-01-21 20:23:07,爱情转移
14,洪荒少女爱吃,1580211666,或许换个时间，我们真的合适,9671,2020-09-26 17:24:51,爱情转移
15,洪洗象_,50144644,要求朋友变恋人是我这辈子最sb的决定。,312036,2015-10-18 07:55:49,最佳损友
16,揪心的少女与漫长的白日梦,7665105,新朋友不知道旧脾气，老朋友不知道新生活。,242819,2016-04-30 01:18:40,最佳损友
17,卡罗拉阔,31093275,这首歌，总让我想象出一个画面。两人在熙熙攘攘的人群中偶遇，又被人潮给错开，其中一个人兴奋地想把手抬起来又尴尬地假装是在摸摸后脑勺，另一个人微微笑着明白了，就转身走进了人群中。想着也不知何时才能够再见到。,225999,2014-10-13 00:00:05,最佳损友
18,我是你小超哥呀,103009440,我记得我和别人炫耀过你,106776,2016-01-28 13:43:39,最佳损友
19,光荣V梦想,38177545,这是黄伟文写给杨千桦的歌，黄伟文说:我知道杨小姐不成喜欢过我写给她的歌。杨只认林夕，黄，杨两人关系恶化。黄伟文写了这首歌给杨最好的朋友唱，一天杨在车上电台听到这首歌后停车在路边痛快。朋友。,72892,2014-11-23 13:22:11,最佳损友
20,果汁小姐,45343238,黄伟文在十年选里写下了这段话： 其实我一直怀疑杨小姐不曾喜欢过我为她写的歌词，那些道谢，直觉上都是客套话。但一直不太喜欢却一直采用，也许是种更伟大的包容，而我，真的，都尽力了。,64730,2014-12-18 10:52:02,最佳损友
21,咖啡瘾者,3585557,劝君更尽一杯酒，西出阳关无故人,63502,2014-11-18 08:43:21,最佳损友
22,帐号已注销,7281331,我接着便有许多话，想要连珠一般涌出：角鸡，跳鱼儿，贝壳，猹，……但又总觉得被什么挡着似的，单在脑里面回旋，吐不出口外去。 他站住了，脸上现出欢喜和凄凉的神情；动着嘴唇，却没有作声。他的态度终 于恭敬起来了，分明的叫道： “老爷！……” —《故乡》,44566,2015-10-27 23:20:31,最佳损友
23,我未曾珍惜的-我不再拥有,5847519,却没人像你让我眼泪背着流，严重似情侣讲分手。这是让杨千嬅停车哭的一句，是啊，两个傲气到背着流眼泪，谁也不肯先认错，没什么大仇，却因此越走越远，哎。。。,41031,2014-11-29 19:57:45,最佳损友
24,小柒_GMhF,1960324828,这首歌就不收藏了，你们赞一次我听一次，挺有仪式感的哈哈哈,33862,2022-10-14 00:08:59,最佳损友
25,一步目T,37355289,老友  愿你无忧。这首歌的每字每句都让我想起你，没那么多共同话题了，我也不是躲着你，记着你走进过我世界，自习偷偷跑掉玩儿一节课，坐在教学楼后面聊天听歌，你陪我走到家门口。无论什么时候你想找人谈谈心 我都会在这儿，即使从前那么要好已经回不去了,31406,2014-12-04 01:15:44,最佳损友
26,烏龍茶_TEA,42856509,杨千嬅挺着巨肚站在黄伟文(wyman)作品演唱会的舞台上，一袭黑纱，摸着肚子唱《可惜我是水瓶座》，《勇》以及《野孩子》。唱完三首，黄伟文左手捧花，右手推着婴儿车，上前拥抱这个大肚婆，杨千嬅带着哭花的脸，从台上降落。  一抱泯恩仇。 这就是最佳损友[开心][开心],29583,2015-11-10 10:31:56,最佳损友
27,super1987,33571549,被推着走，跟着生活流，所以朋友，对不起，有时候立场变了，各自都有各自的无奈,23896,2014-10-18 23:02:33,最佳损友
28,Lonely彬蔚,88367935,最感慨“位置变了，各有队友”的难道只有我一个？,23813,2016-01-17 23:17:54,最佳损友
29,爱吃榴莲的小狸,516397587,“ 到现在我还幻想着有那么一天  在深夜 清晨或者午后  你会给我发一条长长的信息  简短一点也没关系 告诉我你想回心转意 ” ​​,21140,2018-03-01 11:50:53,最佳损友
30,肖星星H,362980581,“谁说站在光里的才算英雄”——敬缉毒警,428099,2021-12-08 01:16:33,孤勇者
31,惠子-ONE,1688478299,我发小，缉毒警，前些年谈的女朋友第二个月他就接到任务了，找我们几个要好的朋友演戏逼他女朋友恨他然后分手，六年了只留下一封信要等他女朋友结婚之后才让交给她，到今天六年多了没有半点我发小的消息，他曾说如果你有一天遇见了一块无名碑，可能就是他,320818,2021-12-10 17:11:57,孤勇者
32,取盛,627108655,这首歌背后还有个真实故事，作词人唐恬，1983年出生于湖南，中国内地作词人。,227948,2021-12-09 15:24:03,孤勇者
33,江拯,636161131,“爸爸 乞丐是怎么回事？”“你要好好学习，未来能让他们不必要饭。”,211964,2021-12-08 08:48:20,孤勇者
34,罗德兰的苍渊,1076079,看，这就是火出圈的后果：这首歌已经和游戏没啥关系了,160485,2021-12-30 12:17:05,孤勇者
35,777eleve,392083592,总有一天，全台湾省的人，都要考全国卷！,158826,2021-12-08 19:11:17,孤勇者
36,啊啊啊Gem,1769369679,大家都要做考研路上的孤勇者,105524,2021-12-08 00:15:15,孤勇者
37,马可波罗堡-,4970468530,EDG！YYDS！战到最后脚踩全球冠军杯回来了🔥,81838,2021-12-16 22:51:14,孤勇者
38,你是得不到的白月光,644920001,我是蜜雪员工 每一杯珍珠奶茶我都有多加半勺珍珠 谁说站在光里的才算英雄,78687,2022-01-24 19:23:21,孤勇者
39,嘬起一根棒棒糖,3416858152,唐恬作品：1.笔记 周笔畅2.追光者 岑宁儿3.昨日青空 尤长靖4.体面 于文文5.如果爱忘了 戚薇6.朋友请听好 何炅&谢娜&易烊千玺7.爱无反顾 姚贝娜8. 你一定要幸福 何洁9.少年游 魏晨10.下一站永远 至上励合11.给眼泪一点时间 黄雅莉12.荆棘王冠 迪玛希13.无罪说 何炅&撒贝宁&吴映洁&魏大勋,57584,2021-12-22 00:15:58,孤勇者
40,星宁了月,2009221752,对于双城之战最好的评价就是卡蜜尔的那句话，世界既不白也不黑，而是一道精致的灰，没有人是真正的反派，或者说，没有谁一开始就是反派，每一个角色都是某个角度的光，他们都是站在影子里的英雄,45206,2021-12-20 01:22:19,孤勇者
41,取盛,627108655,“大年三十，我被诊断为鼻咽癌。我躲进房哭，写了好多个愿望，最重要一条是：我要活过我父母。”2012年，父母在《中国梦想秀》的舞台上，朗诵了她在病榻上新写的一首歌词，还给观众分享了她的愿望：为陈奕迅写歌。这个女孩叫唐恬。“一边享受，一边流泪”，陈奕迅的歌里，总是装满了故事，有多少女,42369,2021-12-09 15:24:40,孤勇者
42,如果不爱了就别勉为其难_lucky,493427804,我是一名消防员，火场、废墟、洪水…有多少次出生入死，我也害怕会牺牲。我还没结婚我才20几岁，每一次出警都告诫自己，要小心，不要去冒风险。可每当身临其境，我发现我顾不了这么多，义无反顾的冲进那随时会把你吞噬的火场，废墟，洪水...我用希望扩展希望，用生命激活生命，只为不负人民那期盼眼神,40958,2021-12-13 21:36:16,孤勇者
43,心晴Diss-LIL-EM,1990271821,有没有玩lol手游的宝，私信我一起战斗！,39999,2022-02-17 21:46:40,孤勇者
44,sjvjt_q,1555241227,我是课代表，收了10本作业，硬是说齐了，谁说站在光里的才算英雄,38101,2022-01-17 11:19:54,孤勇者
45,富土康下,16829039,你喜欢一个人，就像喜欢富士山。你可以看到它，但是不能搬走它。你有什么方法可以移动一座富士山呢？回答是，你自己走过去。爱情也是如此，逛过就已经足够。,271108,2014-10-13 15:23:29,富士山下
46,帐号已注销,9628163,人这辈子，最害怕突然把某一首歌听懂了,177550,2016-03-04 16:21:21,富士山下
47,0262yy,1044141,"""试管里找不到它染污眼眸""取自英文句子——can not identify sadness through test tube。悲伤不是一种实质的东西，不能从试管里(化学，比喻真实的物质)里提炼出来，既然如此，为何不把这种感觉当成是虚构的呢？",93260,2015-04-24 22:24:34,富士山下
48,小羊的小朋友,20608942,后来我也想通了，就像我爱海，我也不能跳海,71258,2016-02-17 14:39:11,富士山下
49,晓棠,3402179,其实，你喜欢一个人，就像喜欢富士山。你可以看到它，但是不能搬走它。你有什么方法可以移动一座富士山呢？回答是，你自己走过去。爱情也是如此，逛过就已经足够。,50195,2014-10-07 07:47:37,富士山下
50,sj1004,30412871,得不到的永远是最好的，其实哪里有你想的那么好？,45187,2014-10-10 16:13:55,富士山下
51,比较月光,101569395,大学时我前桌的你阳光依然在梦中穿过你的黑发。从分开后我用了七年还清了父母的欠债，今天买了机票飞去哈尔滨偷偷看你，就像当年在食堂、图书馆那样偷偷的看着你，你有了丈夫和一个美丽的小公主真心的祝福你！这是最后一次听这首那时候我们最喜欢的歌。我爱你,43578,2016-01-06 02:34:47,富士山下
52,以天为宇,62673051,十年浮夸终成孤独患者，明年今日相约富士山下。,41466,2015-07-19 14:47:39,富士山下
53,陈西杉,8831605,这首歌不能在人前听，真的会哭啊。谁能凭爱意要富士山私有？喜欢他就像喜欢富士山，你满腔爱意却永不能拥有。他风姿葳蕤是他的事情，你求而不得是你的事情。世间那么多的山川河流，你偏爱这一座。初见惊艳的那一刻，你就失去它了。要拥有必先懂失去怎接受。虽不能拥有你，但希望你恒古不变，芳草长青。,35198,2015-04-18 20:22:10,富士山下
54,那一个少年呀,444641849,那天你喝醉了，在台上说哇我喝了好多酒哇谁都认不出来啦。而我在桌边努力的吃菜。我呀，我是小学帮你集魔法士卡片的喽啰。我是初中三楼楼道飞奔接住你的大侠。我是高中陪你泡肯德基夜场的道友。我是大学给你寄了那天黑裙子的菩萨。我是在你这婚礼上红着眼祝百年好合的败狗。,29841,2019-02-06 15:59:31,富士山下
55,溪溪溪溪ya,516240559,你每次都是用力过猛，感情刚开始，你便奋不顾身，背水一战，不留一点儿后路。而对方，却不显山不露水，给予的恰到好处。哪怕分开多年后，你仍不知自己输在哪里。,28461,2018-04-10 01:02:18,富士山下
56,金融痞子,15707298,三角恋的故事《富士山下》是那个被爱的男的规劝女方忘了他 《爱情转移》是那个被抛弃的备胎自我述说,22235,2014-10-10 08:56:54,富士山下
57,Mrs王鹿子,1301213546,考上了考上了 考上了我心心念念的复旦大学,18943,2021-08-04 16:08:19,富士山下
58,wiloness,36888023,归家需要几里路谁能预算,18663,2014-10-06 19:14:56,富士山下
59,___---------------,606818368,倘若在我崩溃绝望时你能有半句回应无论我有多么狼狈不堪我都会回来拥抱你,14435,2019-07-03 05:56:13,富士山下
60,羊毛家内个小刘,20208593,我一抬头，就看见了，那胳肢窝……,118992,2014-10-23 19:12:07,阴天快乐
61,萘氧丙醇胺与北极熊,56893734,6137条评论，一条条往下翻，心里有模糊的期盼，看到一个头像似你曾用过，点进去并没有什么。我有多无聊，我有多渴望，我有多懦弱。嗯，李信亭，我会一直爱你，然而爱是伸出却又缩回的手，总有一天你会明白吧。2015.11.28   01:44一段或许永远不会被你看见的深夜叨叨。,84376,2015-11-28 01:46:29,阴天快乐
62,01115102,34653982,作曲林俊杰就是质量的保证 [奸笑],59612,2016-02-23 21:26:34,阴天快乐
63,如鲸向海_gray,78196691,"最近刚剪了短发,以前长发飘飘. 昨晚上跟男朋友吵架,不争气地哭了,然后我男朋友说: 你知道吗,以前你长头发的时候,你每次一哭我特别心疼,因为哭起来梨花带雨的…现在你头发剪得这么短,看起来就像一个大包子在往外面挤它的灌汤…卧槽我要分手！我要分手！",53043,2015-09-23 20:52:28,阴天快乐
64,z阿萨德风格,65455420,写歌的人假正经听歌的人最无情人要是矫情起来 听什么都像在唱自己,50876,2015-10-09 21:32:50,阴天快乐
65,没味觉,40899094,我爱你。你不爱我。真好。,37283,2014-12-02 22:26:44,阴天快乐
66,疑似智障,124664397,"""陈奕迅的大部分歌听懂了都不会觉得治愈 用最认真最平静的方式让你去怀旧 想你失败的感情想你失去的朋友 想你错过的时间想你心里的朱砂痣蚊子血想你想要抓住却放开的人 把你所想但不敢说的唱出去 你想见又选择怀缅 想选择的人不是陪伴你的人 想那些过去的你喜欢和崇敬的人 反正 唱到你红了眼",33772,2016-02-09 23:43:47,阴天快乐
67,温温温温温无敌,15322950,想念你都那么久那么久了😔,25906,2014-12-02 05:17:24,阴天快乐
68,豆豆不是penguin啦,837066,不论处境如何，愿此时此刻听着这首歌的大家幸福快乐😊,20982,2014-10-26 08:36:54,阴天快乐
69,闫Ming轩,1366569991,嘘，给你们一个承诺，每一个赞我的人我都给你们私发一句话,15350,2022-02-12 19:46:52,阴天快乐
70,没头脑但也很高兴,33357560,自从觉得，那个酒窝听起来像，那胳肢窝，整个人都不好了,14670,2014-12-11 10:08:31,阴天快乐
71,cissy0327,63754521,作为林俊杰10年粉，完全可以自己把林俊杰的声音脑补上去，这么这么任性[大哭],14318,2015-07-08 14:25:17,阴天快乐
72,橘猫掉毛,78540613,我的女朋友 人很好 很阳光 有点调皮 但也很严肃 对了厨艺可是一级棒哟！我爱她[爱心]只是 她喜欢玩神秘直到现在还没出现……,13553,2015-10-19 20:11:58,阴天快乐
73,帐号已注销,42015174,[爱心]也许我记不住可是也忘不掉那时候.,12954,2014-11-14 16:06:23,阴天快乐
74,于你寄托悲苦,587227558,其实女生的第六感真的很准你爱不爱她 她第一眼就能分辨出来只不过有的装傻 有的自欺欺人有的委曲求全 有的决定和你一起演,7867,2019-02-08 14:23:54,阴天快乐
75,褪变成黑色丶,53316284,好听！想起了我的高二，我用我女朋友的昂达MP3听的，现在想起来还是暖暖的。如今7年过去了，她也马上要变成了我老婆~[惊恐],225836,2015-05-27 11:35:03,不要说话
76,云小归,563800,人生第一大错觉：他喜欢你,193138,2014-11-09 13:25:31,不要说话
77,帐号已注销,2107189,当时室友在放这首歌，我就问是啥名字？他说不要说话，我就说我偏要说话，我就问一下名字嘛，为啥不能说话……后来，后来，可尴尬了[大哭][大哭][大哭],101738,2015-01-07 12:01:13,不要说话
78,LV23,49476853,据说程序猿听到最后一句是“爱是用心码，不要说话”[大哭],65813,2015-07-29 15:45:42,不要说话
79,又尿手上了吧,115139005,"真正喜欢上一个人，应该是害羞的不敢表白,会总感觉配不上,可却渴望追到你;发信息时连绵不绝,见面后却欲言又止;沉默地微笑离开,而心却有万语千言在翻滚!喜欢一个人,宁愿被对方误认为是木头,也会本能地少动几下,少说几句,只因怕最丑的样子被看到,最没品味的话被听到。",64014,2016-02-16 12:12:46,不要说话
80,造物的恩寵V,3077396,以前逛街买衣服 下馆子点菜 我一眼扫过去总能知道她想要哪个 可每次我都只说是巧合 分手好久之后 同学会又碰上了 买刨冰那会儿她正在看样品 刚要点又被我选中了 她一直追问 我只是笑 吃完饭在KTV  嘈杂中她又坐在对面发来短信问。“ 我只是能认出你喜欢的那个眼神 因为我在里面住过几年”,53643,2016-02-13 22:15:35,不要说话
81,LincolnGG,86301556,喜欢一个女孩就要好好学习，努力工作，买车买房。然后开着车拿着戒指到自己喜欢的女孩面前，这时候你就会发现，，，                                                                           她儿子已经两岁了。。。,49267,2016-03-20 00:52:28,不要说话
82,微风徐来i,125021378,在一辆列车上，男孩拿着手机发微博，他在微博上写下：“在车上，我对她一见钟情。不知为什么，她一直望着窗外。”男孩默默的看着她，心想她一定不知道，过了一会儿，微博上有人回复了他：“因为玻璃上倒映着你的脸。[示爱],47269,2016-03-12 21:44:21,不要说话
83,卢凯尔,119616828,暗恋本来是一场成功的哑剧，说出来就变成了悲剧[口罩],32965,2016-03-19 09:58:43,不要说话
84,记忆是罐头,16519721,我们一起上小学一起读初中高中，大学学校也没多远。我们一起经历了十年，中间分开过三次。十年过去了！第十一年我们结婚了！我很庆幸我这辈子还能跟她在一起！我会好好爱她！甚至付出我的生命！很多东西都是自己欲望在作祟，自私的欲望。人在欲望面前往往最容易犯错，看不清方向，也看不清自己！,31220,2015-06-26 15:27:16,不要说话
85,陈中普,2157391,掌上珊瑚怜不得，却教移作上阳花[爱心],27290,2015-03-13 14:07:11,不要说话
86,佛罗伦萨之风,5924738,超爱这首歌的，低调而又浓烈的爱,23861,2014-11-07 22:32:23,不要说话
87,Electronicmusicer,41186391,好喜欢班里的一个女孩,19899,2014-11-01 23:20:27,不要说话
88,White-_湫,1333532045,我很平凡，没有男孩带我逃课，没有一个悄悄脸红暗恋我的男孩，也没有让我心动的一个人，我不敢和老师顶嘴，我不敢打架，我不敢说出父母的错误，我不敢穿漂亮的衣服，我也不是很漂亮，我的学习也不是很优秀，我还有点小胖。我的学生时代很平凡。我很平凡，很平凡。,18942,2018-05-27 13:49:14,不要说话
89,IceCityBoy,1761779544,因为你，我愿意成为一个更好的人，不想成为你的包袱，因此发奋努力，只是为了想要证明我足以与你相配。,14201,2019-03-04 18:38:24,不要说话
90,风滚核桃,44256091,两天前 陈奕迅在墨尔本开演唱会 安东尼发微博说他在台下听的感慨万分 就像做了一场梦 他终于完成了自己的梦 自己喜欢的歌手为他的书唱的主题曲 你有梦想你就要捍卫它~,133904,2015-10-14 10:23:01,陪你度过漫长岁月
91,音随流水乐动心,35523978,我们用初中三年去盼望高中三年，我们用高中三年去憧憬大学四年，而用大学四年去怀念中学六年，最终用我们的一生去祭奠我们的青春。 大學即将结束谁会陪我走下一段[爱心][爱心],119756,2015-10-14 10:37:39,陪你度过漫长岁月
92,無解答題,62723269,认识九年多，我在武汉，她在深圳，我们隔着1000多公里的两座城市。因为直飞深圳太贵，选择了飞广州，再搭高铁去深圳。打了出粗车，坐了机场大巴，换乘了一路的地铁，终于在下午五点半到了她公司楼下，看到她发现我突然出现在她公司楼下的表情。好像一切都值了。我们应该会结婚吧，陪着你渡过漫长岁月。,76167,2015-12-13 00:11:12,陪你度过漫长岁月
93,风滚核桃,44256091,安东尼的书 陈奕迅的歌 男神+男神 我喜欢安东尼八年喜欢陈奕迅十年 陪伴是最长情的告白~,30675,2015-10-14 10:17:38,陪你度过漫长岁月
94,Kimmyjk,92139025,喜欢了三年的她从另一个城市来找到我身边，我预支一个月的生活费，带她去吃去玩带她去看偶像的演唱会。她吃不完的东西拿给我，我也一点不剩地吃掉，我讨厌逛街，可是陪着她却也一点不觉得累。第二天我在载着她的那辆列车离去的轰隆声中哭成狗。对了，那一整天我们都没有牵手。,27371,2015-12-16 22:03:41,陪你度过漫长岁月
95,-根三,86474770,昨天很糟糕。相恋一年的男友出轨，劈腿一个月昨晚才坦白。小三知道我。爱情终究败给了距离。异地恋很难坚持，我不责怪你，但我看轻你。大哭了一晚上。今天看着邮箱那封美国大学的录取和每年22万奖学金的通知书，期待新生活吧。在找到陪我度过漫长岁月的那人之前，自己陪伴自己把独自孤单变成勇敢[爱心],27124,2016-04-18 08:08:09,陪你度过漫长岁月
96,Shyum,32204140,You're always with me . 你喜欢我 陪了我这么久 即使我骄傲 自私 做作的时候 你都在――《陪安东尼度过漫长岁月》,22561,2015-10-14 10:50:04,陪你度过漫长岁月
97,风滚核桃,44256091,十年前 我背着包 提着一盒子刀 每天大早去厨师学校的时候 听你的歌 你唱 借了东西为什么不还 当时酸了鼻子 想怎么有人这么会唱/ 现在我坐在你的演唱会里 听着你的歌 流眼泪 /我不知道自己做对了什么事 记录了现实的生活 却有梦里的人来为它唱歌 #陪安东尼度过漫长岁月#,15522,2015-10-14 11:02:45,陪你度过漫长岁月
98,CKa__e,1826389886,正在听歌的那位 没错就是你 你以后绝对会超有出息真的. ,11821,2022-06-14 05:29:39,陪你度过漫长岁月
99,纯一爸爸,324145290,高中相爱，班主任打压，父母反对。高考的失误差点把我两分开，为了坚守这份爱，她在志愿上迁就了我。本科两个人努力保送到了高考没去成的大学硕博连读。今年我两博三，领过证，办过订婚宴，春节过后就办喜酒。不求爱情h轰轰烈烈，但求漫长岁月里一路有你！@juliasunzaoyi ,10727,2016-11-23 19:39:50,陪你度过漫长岁月
100,柒月silleny,76883195,1.网易无网络时，连删歌移歌都无法操作    2.版权问题需解决                                             3.网易负责人应该尽量针对用户提出的问题给个答复                                                                                   4.建议增加铃声制作和闹铃等功能,10378,2015-12-11 14:34:41,陪你度过漫长岁月
101,米雅是真的,563083334,我听过最长情的告白是我妈早上熬了几十年的稀饭，把我爸的胃病都给熬好了(´ε｀ )♡,10247,2020-07-28 19:26:17,陪你度过漫长岁月
102,大力plus,54291801,自古烂片出金曲,9430,2015-12-10 22:39:58,陪你度过漫长岁月
103,莫诺鱼,16693883,外貌决定有没有可能在一起，性格决定适不适合在一起，物质决定能不能稳定的在一起，信任决定能不能长久的在一起 。,9374,2015-12-09 19:11:18,陪你度过漫长岁月
104,在夜晚心动一次,1828383810,大学毕业那会，一个我暗恋了两年的姑娘来找我借钱还学费贷款，然后我就忽悠父母拿了八千多块钱来借给她，现在，四年过去了，非但那八千块她没还我，现在我每个月的工资都还要交给她,8599,2022-03-12 03:07:00,陪你度过漫长岁月
105,不卉游泳的鱼-77,35908438,得不到的永远在骚动，被偏爱的都有恃无恐,256704,2014-10-16 21:57:16,红玫瑰
106,斌岸,12574047,听周杰伦的一般都单身，听陈奕迅的一般都很稳定，所以我是稳定的单着,170915,2015-09-13 16:28:40,红玫瑰
107,哪里都是妳,449885,"也许每一个男子全都有过这样的两个女人，至少两个。娶了红玫瑰，久而久之，红的变了墙上的一抹蚊子血，白的还是""床前明月光""；娶了白玫瑰，白的便是衣服上沾的一粒饭黏子，红的却是心口上一颗朱砂痣。就是说，男人无论挑了哪一个，日久都不会珍惜了，反而会只念及未挑的那一个的好。",152062,2014-07-01 20:32:11,红玫瑰
108,懂事爱人,316688353,一直怀念高中和同桌没被捅破的爱情，28岁还没谈过恋爱，父母到处为我安排相亲。跑去看到女孩竟然就是高中同桌。我激动的脑子发热，开口就问：谈吗？女孩：谈！我又问：订婚？女孩：订！双方父母目瞪口呆，沉默了很久。相亲宴就在这四句话六个字之后变成了订婚宴,115675,2016-12-03 00:08:10,红玫瑰
109,应辣辣,48702170,论文答辩:说来实在嘲讽，我不太懂却渴望你懂。,82930,2015-01-26 13:57:13,红玫瑰
110,伊斯梅尔的东天,45035766,深情从来都是被辜负，只有薄情才会被铭记,58956,2015-11-01 02:14:31,红玫瑰
111,帐号已注销,471881675,“宋家雨，你为什么这么脆弱，承受能力这么差” 无言以对 因为你是被偏爱的那个啊😅,57118,2017-05-30 15:48:31,红玫瑰
112,Mr_zhan_11,304762136,"""世界上有没有什么糖是苦的""""有啊,他的喜糖.""",51112,2017-05-22 22:54:34,红玫瑰
113,LJJ爱笑的眼睛,50625586,只是喜欢，何必夸张成爱，苦了自己，伤了别人,44099,2015-01-20 09:48:38,红玫瑰
114,她去看星星了哦,628500105,“ 妈妈 那个漂亮姐姐为什么在婚礼上哭   啊”“ 可能是她觉得太幸福了 也或者是她没有嫁给她十七岁想嫁的那个人吧” ​ ​​​,33924,2017-10-28 14:28:27,红玫瑰
115,纶音涤旧梦,3036073,年纪太轻，不要去听,33050,2014-12-12 15:11:35,红玫瑰
116,阿丁爱上那朵深秋的墨绿色菊花,64984561,前年，在朋友的聚会上认识了他，他唱起这首歌，觉得整个人堕入他无尽的温柔中。是我追的他，第一次因为喜欢而主动。然而过快的相恋却抵不住性格的不合而分开了。我还记得那晚你唱红玫瑰的画面，也还记得分开后的一个月在街上遇到他和他现任的男友。然并卵，他的现任并没有我帅。,27880,2015-06-19 15:10:15,红玫瑰
117,愷之-Ang,124743484,陈奕迅的大部分歌听懂了都不会觉得治愈 用最认真最平静的方式让你去怀旧 想你失败的感情 想你失去的朋友 想你错过的时间 想你心里的朱砂痣蚊子血 想你想要抓住却放开的人 把你所想但不敢说的唱出去 你想见又选择缅怀 想选择的人不是陪伴你的人 想那些过去你喜欢和崇敬的人 反正唱到你脆弱,25809,2016-02-07 09:35:51,红玫瑰
118,FuEddy,342841360,我的学生时代淡得好像白开水加了一颗糖，上课下课去食堂，好像被按了循环播放键，中间的过程中加了和同学朋友嘻闹的这颗糖，没有遇到脸红心跳暗恋的男孩，也没有脸红心跳暗恋我的男孩，人家有手可以分，我有手却没牵过，青春里的那些悸动在同龄人那里绕来绕去，却始终绕过了我，捧着那杯水过了学生时代,24119,2018-08-15 17:36:18,红玫瑰
119,幺姑娘,44264779,每个听歌的人都以为自己是歌中的'我'，却不知在别人眼中永远是那个'你，,13921,2014-12-18 14:45:24,红玫瑰
120,月海浪花,11772309,多少人以朋友的名义默默的爱着！！！,139007,2014-10-14 21:15:58,十年
121,wsxwl,35491899,十年前的我还是青春少女，十年后的我是俩孩子妈！,61831,2014-11-15 00:39:34,十年
122,简单日子319,35869570,很久以前，听《十年》，想着陈奕迅怎么那么倒霉，不是失恋就是被抛弃。很久以后，听《十年》，看到的不再是陈奕迅的心情，而是自己的心情。 于是，我知道，有些事情，必须要自己经历过后才能体会到那种辛酸。,38201,2014-10-28 00:23:14,十年
123,Hopesohopeso_,2546333,十年前听着这首歌，那时刚上大学，刚和初恋分手，自己哭的稀里哗啦以为世界就这么完了。十年之后的现在，再听这首歌，觉得自己终于听懂了什么叫情人最后难免沦为朋友。都结婚了，都是过去了。都过去了。,28125,2014-11-24 11:43:54,十年
124,一只椰子哒,94462321,今天看到这样一段话 就突然觉得原来已经这么久了周杰伦已经结婚一年多了来自星星的你 已经是两年前的剧了江南style骑马舞火红已是四年前的事了那些年我们一起追的女孩是五年前上映的陈奕迅的十年今日竟然是十年前的歌了九零后说的已经是18岁到27岁的人了或许某一天一转眼的功夫我们就老了,23583,2016-04-13 23:48:35,十年
125,小树会成长我们都一样,42193541,人有时候会突然变得脆弱，突然地就不快乐，突然地被回忆里的某个细节揪住，突然地陷入深深的沉默 不想说话。,15923,2014-11-14 18:39:20,十年
126,东明谷,98253562,坐了两年同桌，高考前才意识要分开了，忽然间发现我已喜欢上她，是那种深深的喜欢，才意识到我不能离开她。我忍住了，没有在最不适合或许是最适合的时间表白。大一异地，我在电话里把这件事告诉了她，也算是表白吧。没有想象中那么悲壮，有的只是一份淡淡的拒绝。如今已经七年了，喜欢了一秒，爱了七年,13713,2016-02-22 01:12:48,十年
127,手速如飞喻文州,98597574,我和我最爱的人，做了一辈子兄弟,12900,2016-02-12 16:20:54,十年
128,McRedCat,39121052,听着十年，过了十多年，感慨万千，十多年前有几位听懂十年，十多年后的我们依旧还听着下一个十年,8840,2014-10-22 23:09:27,十年
129,靖康刘,3970942500,陈奕迅歌曲《十年》背后的故事：一位出租车司机深夜载了一位特殊的客人，这个客人就是他十年前分手的女友，因为心里一直放不下，所以司机一眼就认出了她！但他没有跟女人打招呼，女人上车后一直沉默无言..…...十分钟后，女人突然改变目的地，然后就一直给别人打电话,6018,2022-01-23 02:26:48,十年
130,aimusiche,2822723,经典啊,4207,2014-10-19 07:37:35,十年
131,域覍妳,104680590,即将30岁，一事无成，拿着几千块钱的工资供着房子养着孩子，干着随时可能离职的工作，外账欠了好几万。看着熟睡的孩子，一个人在电脑前迷茫着听着这首歌。我不知道明天会怎样，我只知道压力压得我喘不过气，我只知道我会坚持活着，因为我有了责任，个人感悟。,3865,2016-04-16 01:47:26,十年
132,峨眉周芷若r,19817752,村上春树说：你要记得那些大雨中为你撑伞的人，帮你挡住外来之物的人， 黑暗中默默抱紧你的人，逗你笑的人，陪你彻夜聊天的人，坐车来看望你的人，陪你哭过的人 在医院陪你的人，总是以你为重的人，带着你四处游荡的人，说想念你的人。是这些人组成你生命中一点一滴的温暖 是这些温暖使你远离阴霾，,3494,2015-04-05 22:18:25,十年
133,8raent1enk,1972422934,都回来了啊，就差周杰伦了,3251,2021-11-09 22:55:08,十年
134,小尖尖先森,106292140,人生最怕的就是突然间听懂了一首歌。                                                                                          ————网易听众的一句评论,2427,2016-01-20 16:39:35,十年
135,卷卷卷陈,2734387,我来到你的城市，你却不管饭吃。。。你会不会忽然的出现，在街角的挖掘机上面,247190,2014-10-29 12:24:00,好久不见
136,擦身而过的心酸,31781411,跟她分手一年了 一直想再偷偷看她一面 每天都会有意开着出租车去那条路 始终没遇到过 今天早晨开着出租车依旧习惯开到那条路 看到不远处有个女生对着我开的出租车招手 是她 样子没变 扎着马尾 我把车停下来了 她开门看到是我 时间凝结了三秒钟 她把车门合上了没上车 我也只是对着后视镜说了句 好久不见,203277,2015-01-13 00:23:05,好久不见
137,夏天的夏丶,128802058,"这是我今年参加的第三次相亲。一坐下来妈妈便开始讲起对面那女孩的种种优点来，中心思想就是我必须娶她回家当老婆。我妈妈讲完，对方的妈妈又开始向她女儿夸起我来.半个钟头过后两位妈妈才互相打了一个眼色离开餐桌把我们两人单独留下.我和她静静对视了一分钟,“好久不见。”她先开口道",201975,2016-03-02 04:56:08,好久不见
138,娅菲lili,30976578,我只是想说，忘记一个人根本是需要时间的，再久，回想起依然痛，因为走过内心。忘记一个人需要的是另外一个人来代替这份空缺。虽然残忍，却很有效。想对某人说，好久不见，想象中的画面如歌很凄美，但现实永远很龌龊·······不管怎样这首歌伴了我5年了······,72131,2014-10-28 17:22:49,好久不见
139,chency96,109043690,跟他分手一年，每天都去他经常跑出租的地方， 始终没有遇到过，今天早晨依旧习惯性的走到那条路打车，看到不远处有辆出租车开过来，我对司机招手，我 没带眼镜，正脸好面熟，右耳带着蓝牙，他把车停下来了，我开门看到是他，时间凝结了三秒钟，我把门合上了没上车，我也只是对着车尾说了句，好久不见。,70934,2016-02-14 17:59:11,好久不见
140,卷烟童子,57406252,校服是我和她唯一穿过的情侣装，毕业照是我和她唯一的合影。,51497,2015-10-27 00:21:11,好久不见
141,你是山川河流的大梦一场,1476237618,这首歌跟《先走的人极其嚣张》好像，我很喜欢。            “用一场死亡 治好昨日的伤 指着心脏开了一枪”“假设会死亡 枪法能否获奖 活着的人不痛不痒”“生命太漫长屡遭暗算 岁月指证 时光说谎”“就像她走时嚣张 说来日方长 却落得如此下场”...,48222,2018-06-03 12:33:34,好久不见
142,浪漫入星阁,40349098,分开后了听你就知道这首歌是什么歌了！,44859,2014-10-30 17:49:43,好久不见
143,Bubble-0213,91377040,人这辈子，最害怕突然把某一首歌听懂了,41567,2015-11-19 22:52:48,好久不见
144,御坂妹20001,52943557,那天，我忍不住对她的思念，拨通了一直存在通讯录里 那个 最熟悉的陌生人…… 嘟嘟嘟 夜深人静，电话里的声音显得格外的清晰，突然手机一震，喂……一个熟悉的声音从听筒里传来。啊，是她，是我最熟悉的那个她的声音，不过有点沙哑了……一瞬间，泪奔了。她挂了电话，我还是没有勇气说出一句，好久不见,29738,2017-08-18 19:53:47,好久不见
145,一起睡觉呀嘿呦,539592798,以前每次听到班主任这个手机铃声响起，都会感觉好笑，一个快退休的人了还听这种歌。但最近才知道前几年他老婆去世了，爱情吧。,27332,2018-03-17 17:56:16,好久不见
146,别问了-哭-我男-她调皮爱这样叫,504087975,她喜欢叫我小仙女我也喜欢被她调戏；搬到公司宿舍我买了零食她说减肥不吃 喝醉了却抓着零食说晚上饿醒了起来悄悄偷吃的事；加班她陪着我 她喝了酒有点微醉拉着我胳膊说了好多；想带她吃遍贵州所有小吃…那是我最快乐的时光 后来 分了 来到江西 去过你拍的八音楼 你们一家人照相的码头 很高兴认识你,25452,2018-08-09 12:39:43,好久不见
147,__Meng,5901999,看完了所有你的微博，听到这首《好久不见》，我们是不是回不到以前了，我们，真的只剩下遗憾了…你，不要忘记这里有一个人在思念你…,18337,2014-10-23 13:14:42,好久不见
148,落地的小小尘埃,1687231051,只要最后是你，晚一点也没有关系,13090,2018-12-20 20:40:02,好久不见
149,伊凡Yivan,40160884,黑夜给了我黑色的眼睛，我要用它寻找光明。凌晨4点一直单曲循环到天明。边听就边想起以前的点点滴滴，原来我还想她！,11980,2014-11-03 04:35:13,好久不见
150,理想乌托邦mei,5621522,周杰伦给别人的歌也全是精品！！[强],204956,2014-10-06 23:36:48,淘汰
151,CharlesZou,33860803,考59分比考0分更难过，最痛苦的不是不曾拥有，而是差一点就可以。,181624,2016-01-30 23:01:35,淘汰
152,爱灿一生,39887445,唱歌的奕讯和作词的杰伦都是最爱，我心里，没有娱乐圈没有人能比过他们俩人,82922,2014-10-25 21:13:38,淘汰
153,顾歌北,443282440,你走的那天，我冷静得甚至有些冷漠，我以为是你把我淘汰，直到断了三年联系的你，突然留言给我，“以前我总是觉得你太喜欢逞强，结果等着等着，发现逞强不放下的那个，原来是我。”从《淘汰》到《太逞强》，下一个是谁？,62709,2017-10-08 16:00:41,淘汰
154,华小腊,18905941,音乐人周杰伦在一次颁奖礼上偶遇陈奕迅，主动拿出自己早已准备好的词曲创作《淘汰》给陈奕迅，歌中所描绘的个性与态度，一听就知道是周杰伦特意为Eason量身打造的，因此陈奕迅在筹备《认了吧》国语专辑时把这首歌收录了进去[3] 。,53657,2014-11-21 14:43:03,淘汰
155,超人叶,34045958,大爱杰伦，陈奕迅，林宥嘉[亲亲][亲亲],31460,2014-10-27 05:34:58,淘汰
156,大吉C调,16348127,周杰伦的歌口齿清楚了[大哭],26802,2014-10-09 23:28:05,淘汰
157,用户119958955,119958955,喜欢了三年的人我追到了，可是只相处了十天，我发现，我们根本不适合，分手了，也许我喜欢的只是当初见到她的感觉吧，三年却被十天打败，我被淘汰。。。,23610,2016-04-14 11:07:09,淘汰
158,咦嘘嘘嘘,102808349,我把一个我默默喜欢了408天的人删掉了。连支付宝的联系人都删掉了。相同的性别，注定没有什么结果。,22462,2017-12-18 23:23:57,淘汰
159,安阳欧巴,492281066,三观不合真的不能做朋友因为思想 经历 感官全都不一样就像我说大海很漂亮你却说淹死过好多人,20360,2018-03-10 19:28:44,淘汰
160,范团团er,392224198,记得《西西里的美丽传说》 有句台词是这样的  “后来有很多女人躺在我的怀里 问我爱不爱她 我都回答爱 可是 我最爱的那个人 却从来没有问过我”,19117,2018-02-09 14:10:46,淘汰
161,杰森湖,39828682,我却得到你，安慰的淘汰,17176,2014-10-30 22:07:16,淘汰
162,MR大鐳,120266397,沉默就是答案 躲闪就是答案 不再主动就是答案 其实你早就该明白的,13644,2018-04-29 22:08:08,淘汰
163,思罪,32376534,认了吧，很心酸[皱眉],12651,2014-10-29 20:39:13,淘汰
164,Hhlm_201,1860381113,我一直认为陈奕迅的歌写的都是友情之上恋人未满的关系。写的淋漓尽致。,8401,2020-04-04 16:10:59,淘汰
165,哦嚯_I,320832822,麻烦不要把耳机塞在鼻孔好吗,142435,2017-08-01 17:48:34,浮夸
166,睇起来像诗人,18244427,@沁文围墙 听到这首歌，想起它的来历，这是C.Y.Kong得知哥哥死讯后所作的曲子，原名叫的depression，表达他听到这一讯息后的震撼与不解。后来曲子改编后由黄伟文填了《浮夸》，表达的是小人物的无奈，不被人重视，为了博人眼球，只得表现得浮夸。不过改编后的作品与原曲的目的已经不同了。,62946,2015-01-18 15:24:43,浮夸
167,金柱间,46875619,ktv唱好这首歌绝对秒杀全场,62595,2015-02-02 10:35:02,浮夸
168,Areck-,473609715,其实一条一条看评论，就是在找那个能替自己讲故事的人。,36594,2017-06-12 18:28:16,浮夸
169,Tone-Sing,65608665,那年十八，上体育课，扯低衣领，对一个女孩唱了一句，青筋也现形，那女孩笑得好灿烂。,26935,2015-06-25 15:43:20,浮夸
170,扶鯤者,51501065,一一那年，白宫晚宴，坐着被群嘲那时候，我沉默地发誓，在场诸位都要正视我在美国，平凡而又普通的路太多大厦我又该住哪一座工作中，生活中，受过的欺辱太多自尊已饱经跌堕，惟亿万身家能短暂安慰我未曾获得过便知我为何，大动作很多争江山，夺社稷，博人们看看我，算病态么,19768,2016-11-13 20:17:37,浮夸
171,淮初i,445374064,陈奕迅的大部分歌听懂了都不会觉得治愈 用最认真最平静的方式 让你去怀旧想你失败的感情 想你失去的朋友 想你错过的时间 想你心里的朱砂痣蚊子血 想你想要抓住却放开的人 把你所想但不敢说的唱出去 你想见又选择怀缅 想选择的人不是陪你的人 反正 唱到你红了眼很喜欢浮夸 很喜欢Eason,17207,2017-06-24 20:37:58,浮夸
172,帐号已注销,324833212,表演型人格障碍是一种以过分感情用事或夸张言行以吸引他人注意为主要特点的人格障碍。行为举止上常带有挑逗性并且他们十分关注自己的外表。常以自我表演，过分的做作和夸张的行为引人注意，暗示性和依赖性特别强，表现高度自我中心。,13281,2017-11-03 21:56:59,浮夸
173,西柚Ell,1751464180,Depression  当年陈奕迅是吸烟的，后来张国荣对他说「你声音那么好，别吸烟了，你看我都不吸了！」之后陈奕迅便选择了戒烟。,11701,2020-06-06 18:33:00,浮夸
174,OOhhhey,97634412,"""有一首歌我不是不想唱，我现在是不喜欢这首歌了。你们想听的可以去唱片行找到u87，好像是第五首。你们真的要听吗？那我后年唱给你们听""",10206,2016-10-23 01:33:41,浮夸
175,阿什么帆,1333064361,然后eason说:难道你们不想欣赏我的舞姿吗？,9705,2019-01-25 21:34:46,浮夸
176,汴卅,250146831,那段时间《浮夸》很火的时候，有次eason的演唱会，到快结束的时候eason问台下的观众'你们接下来想听我唱什么歌'。观众齐声喊道《浮夸》；eason有点失落的说 你们只想听浮夸吗....,9559,2017-08-31 16:17:41,浮夸
177,团团200202,2134704106,《浮夸》绝对是华语乐坛史上最难唱的歌曲之一，那撕心裂肺的高音令无数歌手望而却步，而《浮夸》歌词中的呐喊也成为了无数人心底最真实的声音，或许正是因为《浮夸》唱出了所有听众的共鸣才使得这首歌成为了经久不衰的神作吧。,9230,2020-02-04 19:39:40,浮夸
178,Wack___,361685738,军训，今天我们休息，然后教官要上前面表演节目，没人上去，于是我鼓足勇气上去唱了这首歌，因为军训嗓子快哑，但我唱的声嘶力竭，但对面的几个女生只是听了前几句就开始聊天了，其他人也都在起哄，我承认这次唱的不太好，但我觉得这是首好歌，我很中意他，因为他让我有共鸣，就算没有观众也无妨。,7549,2017-09-14 22:15:34,浮夸
179,冰卜鲁棒布,496146753,秀儿，别站着，赶紧坐下,6831,2018-12-22 11:34:18,浮夸
180,颜小群,38247116,如果你结婚的那天新娘不是我，我就会把我们的那些暧昧的聊天记录、短信、电话录音、相片什么的都弄成CD寄给你老婆，然后上面写着：给你一张过去的CD，听一听那时我们的爱情！,116105,2015-08-02 12:26:09,因为爱情
181,唐呆呆,56760772,今晚初恋点了这首说要和我合唱，心里像是被什么重重的弹了一下。记得他在四年前和我说过，下次去KTV要一起唱这首歌，然而还没合唱过，就分手了。今晚他送我回家，在我准备下车的时候，对我说了一句：我们领证吧。我知道他也用这个软件，如果他能看到，我就答应嫁给他了。,69428,2016-04-20 00:53:38,因为爱情
182,dontneedanything,39043236,以前从不听王菲的歌，时间长了才发现是那时太年轻,49828,2014-12-04 02:52:56,因为爱情
183,兔子耳朵里的小蜗牛,49969328,他说他结婚了，是因为家里的催促。 她说她结婚了，是因为他有车有房。 他说他结婚了，是因为年纪到了。 她说她结婚了，是因为家里介绍。 他说他结婚了，是因为有了孩子。 如果有一天我结婚了， 我只希望--- 那是因为爱情…,36655,2015-12-18 12:46:22,因为爱情
184,一眼惊鸿孤鹭飞,95270386,说王菲因为这首歌成名的零零后们，是叔叔老了，打不过你们了。,27002,2015-10-31 16:59:26,因为爱情
185,螺髻青浓,36882025,我后桌是个逗比，问他为什么迟到，他说因为爱情，问他为什么不开心，他说因为爱情，有次问他为什么和另一个男生一样骚，他说，因为爱情，我似乎懂了什么…,26966,2014-12-20 20:47:09,因为爱情
186,liusonde,250377996,【奶奶尘封77年的爱情故事】79年前，14岁的她成了他的新娘。2年后，他赴抗日战场再无音讯。7年后，苦等的她接到了抚恤令，并开始颠沛流离的生活。70多年了，这份感情一直深埋她心底。上个月，她在英烈谱上看到丈夫名字，“终于找到你，从此我们再不分别。。。”愿来生还能再度拥抱！,22053,2016-07-19 08:42:01,因为爱情
187,合欢藏于,286001708,“外公昏迷不醒的时候，外婆说你走了有人欺负我怎么办。然后外公突然醒了，用尽全身力气说:谁敢，我跟他拼命。第二天外公就走了，外婆跟疯了似的，只重复一句话:你这个骗子。”我看这段话的时候背景音乐是因为爱情，我哭的不成样子,16630,2016-10-02 16:45:55,因为爱情
188,Xebecr,61180146,我比她大三岁，03年我们在初中学论坛上认识，06年的黑板上写着“距高考40天”时我们相爱了，大学我在北京她在济南异地着坚持了4年，工作稳定后2014年我们结婚了，婚礼的主题是“4年又4年”，现在我也马上要当孩儿他爹。网恋，异地，年龄算什么，因为爱情，还有什么不可能。,15039,2016-02-26 18:29:44,因为爱情
189,黄豐豐,34716657,喜欢王菲，以前不喜欢不讨厌，现在越来越喜欢，可能自己成熟了吧！,9749,2014-10-04 23:15:17,因为爱情
190,薛定諤的喵喵,31127496,没有什么会永垂不朽。,8967,2014-12-03 12:42:08,因为爱情
191,北国之春1991,479081676,你男盆友摸摸你的头，“傻瓜，怎么会呢？我不会给你这样的机会的。”听了这句话，你脸上洋溢着幸福。这时，你男朋友拿出一把刀，发出狰狞的笑声……,7554,2018-12-24 19:58:04,因为爱情
192,梦醒后等风,1451836711,00后都出来吧让我知道我不是一个人,7497,2022-06-18 07:34:49,因为爱情
193,帐号已注销,45114096,高三时，每次考完试，都会把这首歌，爱情转移，想哭循环着听，感觉很放松。现在已经大三，陈奕迅，王菲都听伤了，，，,6662,2014-12-03 22:56:53,因为爱情
194,屈暖卿安,1477603084,小姐姐你这样有点凶残,5461,2018-12-21 11:46:46,因为爱情
195,耳东Jul,100159607,高中一位老师说过，你们这一代人最痛苦的事是什么？是“失恋”。温饱思淫欲，因为失恋那点小事自怨自艾，其实你没有那么多故事，也没有那么多的苦难。一切的一切，只是你的自以为，你心中的自导自演。,66023,2015-12-18 19:12:48,葡萄成熟时
196,herbstlt,29452093,黄伟文收起了恶狠狠 让我误以为是林夕,43193,2015-02-23 01:32:41,葡萄成熟时
197,山高不是三高,50481504,我知葡萄已熟透，但何人可举杯共饮酒。,35506,2015-01-17 22:34:30,葡萄成熟时
198,Ms何呵呵,100304320,大学里单曲循环最多的歌，靠着这歌，一直暗示自己，没有遇到特别合适且心动的人，一定不要仓促的应允了他人。在浮躁的大学时代，成功忍住了要恋爱的冲动。,26485,2016-02-03 03:19:34,葡萄成熟时
199,hzx914,31380466,高中没有听陈奕迅真不知道怎么过高三[心碎],20188,2015-03-05 01:46:17,葡萄成熟时
200,赤热的鼓动,87862331,这首歌可不只是比喻爱情哦，当你执着做一件事的时候结果往往会跟你想你不一样，甚至没有结果。但不要灰心丧气，葡萄一定会成熟的，就算不成熟也可以用了酿酒，自醉自救,19696,2016-03-04 12:00:58,葡萄成熟时
201,Maninashell,35926334,此首歌词黄伟文不再有《浮夸》中的戾气，《打回原形》中的自虐，而是像一位老者的教诲，以饮葡萄酒来暗语那些感情受挫折，我们要静候，终究会有个人在生命中出现，配菜在所难免，最后一句更是体现词中宽慰人心的意义，谁都心酸过，哪个没有？Eason完美的低音诠释这首歌恰到好处，百听不厌！,16016,2014-12-26 17:42:52,葡萄成熟时
202,y_ww_go,49229664,这一次，你真的很介意。这句戳中泪点的人有吗。,13274,2015-12-12 15:21:06,葡萄成熟时
203,陆小瓜想去远游,96586620,人和人的出场顺序很重要。,11214,2016-01-30 22:30:34,葡萄成熟时
204,用户264047,264047,“差不多冬至，一早一晚还是有雨……”又到冬至，除了吃羊肉和饺子，下意识想到的还是这首陈奕迅的《葡萄成熟时》。这是黄伟文写来开导人生的歌曲，当中那种在错误里吸收的经验，大家受用吗？日后，尽量别教今天的泪白流。,10090,2014-12-22 09:58:04,葡萄成熟时
205,Guukiin,319191785,我收到研究生录取通知书了 在今天 。,9506,2020-08-15 00:46:41,葡萄成熟时
206,用户50852587,50852587,应该怎么爱可惜书里从没记载  终于摸出来但岁月却不回来[流泪],8932,2015-02-13 21:04:09,葡萄成熟时
207,晴晴愛醉,1377882697,这首歌大概讲的就是：男孩和女孩在一起时，男孩很幼稚。女孩苦苦经营却还是分手。分手后男孩却成熟了 长大了 变成了女孩期望的样子。但男孩与其他女孩相识 相恋。女孩不甘心却没有办法 沉迷往日 如果女孩回头就能看见一直陪伴她的人 但…,7583,2019-10-24 09:31:48,葡萄成熟时
208,暴雨簿,536116350,做正确的事 然后接受它的事与愿违,6896,2022-05-04 02:26:27,葡萄成熟时
209,余澈-,292288237,高三那会儿成绩差 没什么朋友 老师要么无视你要么给你难堪 父母不是发愁就是发火 每天放学独自徒步循环的就是这首歌 夜色灯火和压在喉咙里的哽咽一辈子都不会忘 如果连自己都放弃就再没机会翻盘了 到过谷底的人一旦爬上来就会更顽强地往上走 因为他见过泥沼是什么样子,6583,2017-11-24 06:01:51,葡萄成熟时
210,JR碳水,130611799,八右八右嘎砌我跻陡压菜压菜雅兜洗崴我宜走崴活姐摸崴歹于齐甘过八豆八恤压给滴位咬多喉籍咬压砌给搭洒嘴际租豆爷爵丹切滴我冷崴肝替北滴拥剖难雷难斜僧剖肝些盟盟言桑喉赠风野于孩宜囊府淤巴巴滴因波随右蛤切难雷难斜宗咬压些僧情于齐八活忒泻掩赛肝最朗虎僧黑姐丹切完咬航夫活借英以,5679,2021-12-31 18:13:54,单车
211,内向的妙蛙种子,467468994,陈奕迅的有了，杰伦还远吗！！,2460,2021-12-20 09:18:33,单车
212,度枽,1565171637,你敢信这个是原版[晕] ,2123,2022-04-02 20:39:12,单车
213,晚风藏匿可意难平,434858945,爸爸，这几年我过得不好。一个人在外地无依无靠，一个人生活，一个人上手术台。还有前几天我发烧了，一个人在屋里躺了两天。我不敢和妈妈视频，也不敢接电话，那样只会让她整宿整宿睡不着。我羡慕别人了，羡慕能和爸爸碰杯，羡慕他们回到家能做回小孩，而我只能半夜在屋里偷偷落泪，爸爸我恨你我也爱你,1895,2022-07-16 02:01:23,单车
214,安德玛尔,1500757622,以前不理解爸爸为什么不能赚大钱，为什么一家人过的这么艰难、直到自己工作了之后才发现，原来爸爸养活我们已经是他最大的能力了！父亲节快乐 [多多调皮],1671,2022-06-19 11:11:17,单车
215,账户己注销丶,1342057510,昨天刚看到一段话：“少年偏爱摇摇欲坠的日落黄，殊不知此刻正拥有的，是一生中最明媚的曙光。”,1211,2022-05-03 22:55:40,单车
216,_龙先生_,398376927,刚才去吃火锅，看见火锅店的墙上提醒，羊是自己养的，菜是自己种的油是自己榨的，提醒顾客放心使用。买单的时候我，悄悄告诉老板，钱是我自己印的请放心使用，老板追了我好几条街没追上，真有意思，腿是我自己长的，想往哪里跑就往哪里跑，陌生人，如果你笑了，那我祝你2022年一切顺利.,1180,2022-08-03 23:56:25,单车
217,菸圈哥哥,428217818,恋爱脑别走错片场喽，这里是父亲的专场,1125,2022-09-30 17:07:39,单车
218,开封的防,3414733367,爸 郑州洪水那次你去救人 错过了我的生日 我并没有在意 可你却很放在心上 说要给我补回来 可你食言了 我不怪你 但我很想你 爸,1012,2023-03-05 12:01:14,单车
219,晚风藏匿可意难平,434858945,七年了，小气老头一次也没来过我的梦里😔,882,2022-06-16 20:39:31,单车
220,然然_YvYd,4898859070,取消置顶后 才发现你垫底,865,2022-09-21 23:22:48,单车
221,Kuni30,2038974876,一直不敢写父亲，怕把父爱写的太单薄,755,2022-11-01 09:03:54,单车
222,小yang不上火,3221546835,做一个00后的EF最大的感受就是很难找到同龄的知音吧，一个人静静地听粤语歌却无人可以分享。虽然才19但已经喜欢陈奕迅喜欢了3年，总是一个人静静地听着陈奕迅，感叹他有多么好，甚至经常听歌听到不想睡觉。在周围人疯狂追小鲜肉的时候，我像个异类，但我自己觉得很幸福。,492,2022-01-26 19:59:25,单车
223,南飞的雁1994,481901415,那天我结清了房贷，拿着两个不动产证回去给我父亲看，就像一个拿了一份100分试卷的孩子！,427,2022-10-07 10:17:06,单车
224,1留住富,1948447682,爸爸从来不许我骄傲，但他却从不掩饰我是他的骄傲,416,2022-09-09 01:27:38,单车
225,塞伯坦星人X,38060952,"也许每一个男子全都有过这样的两个女人，至少两个。娶了红玫瑰，久而久之，红的变了墙上的一抹蚊子血，白的还是""床前明月光""；娶了白玫瑰，白的便是衣服上沾的一粒饭黏子，红的却是心口上一颗朱砂痣。 ——张爱玲",95331,2014-11-20 14:41:23,白玫瑰
226,刘耳,20223988,喜欢红玫瑰的骚动，喜欢白玫瑰的矜贵。但是，这样的形容都是男性的辩词。,53456,2015-02-28 22:52:33,白玫瑰
227,德欧比伊,41641801,红白玫瑰两种意境，也不是什么国语粤语的差别。,49223,2014-11-06 21:10:25,白玫瑰
228,亓安留,62908445,与红玫瑰恋爱，和白玫瑰进入殿堂。到死手中都紧握着白玫瑰的手，眼中却为红玫瑰含泪。,38386,2016-05-25 23:58:23,白玫瑰
229,明月下的夕子,70320787,喜欢上什么样的人最惨就是那种只享受追求永远不给你答复的人 其实一开始他的未来就没打算有你，就若即若离吊着你，给你希望又让你失望，终于你狠下心来放弃的时候，他又活蹦乱跳的扑上来，你以为这次终于要修成正果，他又微笑的跑开了,31061,2016-02-15 11:57:04,白玫瑰
230,墀河,42936469,红玫瑰是被不爱的人爱，白玫瑰是去爱不爱自己的人,25422,2015-10-03 22:55:19,白玫瑰
231,RamessesM,43693081,“虽然她不一定有你漂亮，但是她真的很好”这是你昨晚亲口对我说的话。谢谢你出现在我最美好的年纪里。,17269,2015-08-17 00:14:43,白玫瑰
232,沉檀凝香_,267015520,只希望红玫瑰最后能和白玫瑰在一起[手动滑稽,15545,2016-04-29 22:42:55,白玫瑰
233,愷之-Ang,124743484,陈奕迅的大部分歌听懂了都不会觉得治愈 用最认真最平静的方式让你去怀旧 想你失败的感情 想你失去的朋友 想你错过的时间 想你心里的朱砂痣蚊子血 想你想要抓住却放开的人 把你所想但不敢说的唱出去 你想见又选择缅怀 想选择的人不是陪伴你的人 想那些过去你喜欢和崇敬的人 反正唱到你脆弱,13220,2016-02-07 09:36:16,白玫瑰
234,人造人108号,55435111,白玫瑰听起来要残忍一点，红玫瑰是隐忍，白玫瑰是崩塌,11981,2015-12-09 23:05:48,白玫瑰
235,梦访尘澜,2548803,最惊喜而最难过的事，莫过于在歌曲中找到自己,8466,2014-09-08 13:17:51,白玫瑰
236,江惜0613,1486766416,张爱玲的小说里，一个男人如果选择了红玫瑰，早晚会变成墙上的蚊子血，而白玫瑰就成了心头白月光。如果选择了白玫瑰，早晚会变成粘在衣服上的白米粒，红玫瑰就成了胸口朱砂痣,8111,2020-04-13 20:06:02,白玫瑰
237,杨倩兮_,636540982,"男人都喜欢乖的,但拒绝不了骚的.不管是得到红玫瑰还是白玫瑰.得到的都是平庸的,人心永远不懂满足.得不到的从来最矜贵.",7553,2017-12-18 12:20:23,白玫瑰
238,故事的小黄花花花,34075205,失望是一天天积累的，离开是很长的决定,6754,2016-01-10 16:01:03,白玫瑰
239,言七分,18650311,身处劣势 如何不攻心计,5835,2016-03-08 23:13:57,白玫瑰
240,thusaches,587370461,没有在等你，也没喜欢上别人,504768,2018-04-10 20:17:56,我们
241,京与旧鋪,119032227,17岁没能送你花，27岁请你喝酒吧,304868,2018-04-10 20:25:48,我们
242,creeekob,413276800,有的异性做不成恋人 却也舍不得给别人,292301,2018-04-11 08:27:23,我们
243,丛铭君,376759534,当时的他是最好的他，后来的我是最好的我。可是最好的我们之间，隔了一整个青春。怎么奔跑也跨不过的青春，只好伸出手道别。,168308,2018-04-10 20:32:16,我们
244,兰胖子a_,488897424,08年因为年少的欢喜走在一起；12年因年少不懂爱分开；15年终于懂得如何去爱，想尽各种办法追回；16年重新在一起，异地两年；18年•上海，结束异地生活！十年了，讲出来的是故事，过去的是青春！庆幸现在还拥有你，愿后来什么都有了的你我，还是我们💓💓💓,147386,2018-04-28 10:42:17,我们
245,周婕纶的哥哥周杰伦,67391841,宁愿跟你吵架也不愿去爱别人，也不愿意去再重新认识了解另外一个人，余生那么长，广交不如深交。,109166,2018-04-10 20:29:55,我们
246,毕竟小红花哟,350021706,我们能有以前，但可能再也没有以后了,97698,2018-04-11 23:29:30,我们
247,帐号已注销,450723626,你说我们就像两条相望的平行线永远不会相交，我在纸上画了两条平行线然后把纸折起来，对你说，你看，这样不就相交了吗，所以说，所爱隔山海山海皆可平，感情最大的问题就在于没有了最初的爱，就这样吧,76738,2018-04-11 11:37:33,我们
248,我就是便便哥,251725957,洗衣机轰隆隆地翻滚着歌词里的每句话都没讲完他剥着橘子泪流满面…,52042,2018-04-10 23:18:17,我们
249,is爱笑拔萝卜,1396738735,后来我们都还在好不好 我并不怕我们暂时分开 好的爱情需要绕一大圈后再回来 到那时我也可以笑着哭着拥抱你说 你看 兜兜转转 到最后你还是我的 生活了二年从头到尾都熟悉了 点点滴滴都在脑海里 原来曾经我们是那么甜蜜幸福开心 这么真挚的感情我一定会好好珍惜好好去经营的 乌拉 我一直在呢。,41701,2018-04-10 20:46:09,我们
250,宇宙大美男,69159079,后来的我们 没有等 我们,39504,2018-04-14 10:01:51,我们
251,Dominiccc-,37874221,I missed you and i miss you...,33370,2018-05-02 21:34:18,我们
252,帐号已注销,82633837,和喜欢的人一起过七夕，是一种什么样的体验？,19928,2018-08-17 00:36:09,我们
253,宵宵ovo,302526014,可是我一开始就没想跟他怎么样，是他让我以为会有后来。,18916,2018-04-11 09:59:44,我们
254,都挺阳光,134194772,对不起，对不起，对不起，我真的好对不起,14760,2018-04-10 20:40:16,我们
255,___我麋鹿啦,5989983,百无一用是深情，不屑一顾是相思,135703,2015-06-24 17:01:58,一丝不挂
256,Ki桑的Kioooo,107023058,和他的聊天记录156MB，    今晚终于删除了。,91349,2016-04-05 00:13:53,一丝不挂
257,帐号已注销,80199518,明明千丝万缕 偏说一丝不挂,70353,2016-04-04 11:11:50,一丝不挂
258,江户川木木希,87374136,真羡慕广东的朋友，不用学粤语，直接可以唱粤语歌，这歌就是再模仿发音也没有原来的味道[流泪],46509,2016-04-30 11:34:04,一丝不挂
259,Mr-TambourineMan,38252754,《一丝不挂》《钟无艳》《春秋》，简直是林夕的“苦情三部曲”。,32187,2014-10-13 10:41:34,一丝不挂
260,阿塔尼斯st,7370913,今年死活考研都是为了一个姑娘，上午得到录取通知，下午我去找她，万万没想到，她告诉我就在我来北京复试的前几天她已经接受了别人。我想到她可能会拒绝我，但万万没想到被别人截胡。她给了我最美好的希望，然后在我面前把这份希望亲手撕得粉碎。这种残酷已非语言能够形容回家的火车上，几乎一夜无眠！,30835,2016-03-29 13:40:08,一丝不挂
261,4399Ada,247688246,评论里说一朝失恋就听懂了所有的陈奕迅，而我听一首陈奕迅就好像经历了一次失恋。,26114,2016-04-01 12:41:11,一丝不挂
262,Addicted-朴孝敏,20385517,[大哭][大哭][大哭]我一点都不想跟风但是真的好喜欢陈奕迅,22730,2014-10-16 19:34:33,一丝不挂
263,小细腿和大长腿,93060705,诗文中虽一次都未出现“一丝不挂”，但全诗中到处缠绕着“丝”。像牵连，松绑，摆脱，围绕，遥控，勒，扯线木偶，线，拿捏，青丝，系，舍割，断线风筝，牵引，结，脱落，牵动，撕裂，束缚，绳索，等这些词语，贯穿全诗。可以说，全诗几乎都在围绕着记忆在写“丝”。,20134,2016-02-28 11:38:41,一丝不挂
264,账号已注销129726,15455789,林夕太有深意了，陈奕迅碰到他真是上天安排的。,14977,2014-10-17 21:21:00,一丝不挂
265,_Yew_,116981749,明明千丝万缕 却说一丝不挂,12472,2015-12-29 15:17:45,一丝不挂
266,今天我要听十次,108744391,我知道人人都向往自由，但爱上你以后我选择了束缚。,10611,2018-05-05 00:48:11,一丝不挂
267,帐号已注销,34562014,从未读懂一首歌像一丝不挂般深刻。,8666,2014-10-12 23:26:44,一丝不挂
268,宥博的梓哲,38097368,大神之作，港乐巅峰。,7997,2014-10-07 07:09:07,一丝不挂
269,玉荻吹成雪JK,90489775,以前我不理解“只想你和伴侣要好才顽强病好”的意思，后来看了林夕说过，自己在最抑郁的时候想自杀，但又一想，何苦让那个人不得安生。遂罢。也许你从未爱过我，但我若死了会影响你的心情哪怕一点点，那我便顽强病好罢。情之所累，一至如斯。,5034,2015-12-14 16:49:59,一丝不挂
270,smokecocacola,1315496708,“你听陈奕迅想到的那个人 是不会有结果的”,24429,2021-07-15 00:14:02,无条件
271,-我快要睡着了,273994940,陈奕迅的大部分歌听懂了都不会觉得治愈 用最认真最平静的方式让你去怀旧 想你失败的感情 想你失去的朋友 想你错过的时间 想你想要抓住却放开的人 把你所想但不敢说的唱出去 你想见又选择怀缅 想选择的人不是陪伴你的人 反正 唱到你红了眼,11794,2017-12-10 23:45:32,无条件
272,妙木山的呱,1334434890,歌就不收藏了，有赞就回来听听,10445,2022-01-04 23:03:50,无条件
273,叫我瑾宝贝,569863088,女孩子真的很擅长假装自己过的很幸福 ​​​,4192,2021-09-01 00:51:53,无条件
274,iionlooker,558390073,“被爱的时候 第一反应真的是谢谢”,3506,2022-09-22 22:42:42,无条件
275,睡一整夜-,61053865,其实挺喜欢你的 但你总让我不开心,3250,2017-08-04 23:23:57,无条件
276,叶叶叶叶叶叶耶呀,136794260,听了新歌声，E神清唱的来报道。,2986,2017-07-21 16:11:49,无条件
277,马小牛犊,75566800,谁说的快堵上他的嘴[流泪],2947,2021-07-19 13:26:00,无条件
278,龙猫不吃腥丶,95607204,即使你衣食无忧，我也觉得你处处需要照顾。即使我无条件。我也要无条件为你。,2720,2017-07-20 23:39:04,无条件
279,-五更未眠-,1352762032,爱可以无条件，但不是无底线,2559,2021-10-22 00:54:07,无条件
280,辣椒mm,1356304556,突然在dy上TVB账号 刷到陈奕迅清唱这首歌 [多多大哭][多多大哭],2480,2021-10-29 03:29:07,无条件
281,插画家_3aTo,2069047575,恶心的是，我真的遇到了会给我花钱的，会带我吃，带我喝，给我礼物，不让我生气会处处迁就我的人，但是我却拿不出热情回应他,2461,2022-05-03 22:16:41,无条件
282,理查德天佑,1800322258,我是一名高中生，我的目标是考上大学，而不是去纠结一个未来与我毫无关系的人到底喜不喜欢我,2221,2022-01-15 01:48:34,无条件
283,oocow,635748801,你永远都不知道的是，即使你推开我一万次，我还是会爱你。,1992,2021-10-16 15:20:39,无条件
284,董先生呀丶,486755917,“大概可能是我太主动了 让你感觉我的感情很廉价 可是你不知道 我本不是主动的人 并不是对谁都这样”,1989,2021-09-26 21:57:33,无条件
285,咯嗒嗒的李木木,9086898,这首词借苦瓜写尽世间百态，过瘾。苦瓜的苦，从未变过，变了的是我们，是时间，是际遇，是已经悄悄爬上鬓角的白丝，年轻人永远无法体会老者的清心寡欲，也无法领悟苦瓜里的那份禅意，就像是这首歌唱的那样，青春如快餐，余生险恶，如艺坛杰作，但有痛苦，就有欢乐。,63469,2014-11-08 10:01:13,苦瓜
286,潮水冷水,105166085,听懂陈奕迅 真的 不是一件 值得 开心的事,51894,2016-03-27 07:14:00,苦瓜
287,柠萌没我朦,40126520,周董的歌描述的大多是懵懂的、刻骨铭心的初恋。而医生的则是成人后晦涩难懂的爱情。,39185,2014-12-05 09:22:04,苦瓜
288,罗小拿,12899918,小时候，我妈教我喝茶，我说苦难喝...我爸让我吃洋葱，我说味道大...老师让我多读书，我说眼睛疼...现在我半天离不开茶，一人能吃一个洋葱，站在地铁里看书，才意识到你们是时间的预言家[憨笑],30372,2016-02-24 14:01:55,苦瓜
289,GLORIA_XXD,39789281,黄伟文想给你好多赞美，很难得的词人,21590,2014-11-06 21:04:11,苦瓜
290,灿西西熊粑粑,15508426,“他从小就不敢吃苦瓜，所以当兵的时候，都是我在替他吃。他结婚之后，他老婆一直希望能够改变他，所以餐桌上三不五时就会有苦瓜，他不希望孩子认为爸爸会挑食，所以常假装吃个两三口。他一直跟我说，全世界只有我肯为他吃苦，但其实，我们都在自讨苦吃。”,15551,2015-05-16 16:01:15,苦瓜
291,求索青年,40880458,这些年都活到狗身上去了,14524,2014-12-02 00:09:07,苦瓜
292,MarshallXu,42436152,以「半生瓜」比喻人生，探讨人心起落。其实苦瓜味道一直苦味回甘从来没变，变的却是我们，年少时不爱辛涩，长大过后阅历加深了，才明白这又名为「半生瓜」的意味深远。苦味回甘，不就是人生的写照？,13067,2014-12-10 13:11:14,苦瓜
293,用户2943572,2943572,青春的快餐只求快不理哪一家,12987,2014-11-23 20:35:15,苦瓜
294,十三州府i,1693565293,苦瓜，又称君子花，因为和别的菜做到一起，不串味，只苦自己，不苦别人，这大概就是我见过对君子最简洁的定义了.,12380,2019-05-29 12:23:17,苦瓜
295,Moonpie_33,101768130,那天吃饭问室友有没有听过eason的苦瓜，室友说，听过啊，“你当我是苦瓜吧,8577,2016-06-21 20:10:10,苦瓜
296,步履不停-Cnc,645405359,初闻不识曲中意  再闻已是歌中瓜,8443,2020-02-22 08:02:56,苦瓜
297,liiiwt,93940736,原来真的可以一瞬间对一个人没了感觉,7950,2020-12-05 21:52:40,苦瓜
298,帐号已注销,616977891,十二月的树 一年一色                                                           十二月的人 一年一个,7817,2018-05-20 21:18:07,苦瓜
299,鱼饼小面加干菜卷,37266033,呵呵，不是每个人都懂陈奕迅的魅力，他的歌，谁能唱出那种味道[开心],5644,2014-10-25 04:58:18,苦瓜
300,Antonioooo,36438548,“老板两份炒面打包；一分辣一份不辣…算了两份都辣”,166494,2014-12-15 08:34:44,孤独患者
301,罒__罒,69995596,就在这个学期，一个人去吃黄焖鸡米饭，中途端着碗去添饭，回来发现阿姨把我只吃了一半的黄焖鸡收拾走了。端着满满的一碗饭楞在原地好久，吃饭的人群有说有笑，来来往往，而我仿佛被整个世界抛弃。试问这种孤独谁能感同身受？,115366,2015-10-26 23:57:56,孤独患者
302,Forward__,115188816,让我想到村上春树的一句话，哪有人喜欢孤独啊，只是不想失望罢了。,83833,2016-01-23 23:38:56,孤独患者
303,尙尙尙尙尙尙,94914670,孤独这两个字拆开看，有小孩，有水果，有走兽，有蚊蝇，足以撑起一个盛夏傍晚的巷子口，人味十足。,47155,2015-11-28 19:56:20,孤独患者
304,云村村民95819953165120336677524,95819953,"""我天性不宜交际。在多数场合，我不是觉得对方乏味，就是害怕对方觉得我乏味。可是我既不愿忍受对方的乏味，也不愿费劲使自己显得有趣，那都太累了。我独处时最轻松，因为我不觉得自己乏味，即使乏味，也自己承受，不累及他人，无需感到不安。"" by周国平",42313,2016-04-02 23:23:32,孤独患者
305,不离天下溪,107176925,别人稍一注意你你就敞开心扉，你觉得这是坦率，其实这是孤独,37996,2016-06-10 21:48:37,孤独患者
306,萍舟,116409807,我有两个社交账号，一个是真身份，说假故事。一个是假身份，说真故事。到后来，连我自己都不知道哪个才是真的我了。,33386,2016-10-04 15:49:07,孤独患者
307,一座摩羯,65378573,说的不就是摩羯座吗,26327,2015-06-28 15:31:17,孤独患者
308,剩一颗,58980312,看似朋友成群，实则孤身一人,25317,2015-12-13 08:56:03,孤独患者
309,viviancy,107329030,有一次自己一个人去吃饭，看到一个位置很不错，已经坐下来了，有一对情侣刚好来，店员让我换个单人位置[大哭]，我都直接愣住了，过了好一会才傻傻愣愣的离开位置去单人位置上吃东西。。。。然后看店里情侣一对对，自己好惨的样子，突然那一天就体会到了单身狗的悲惨[痛苦],20866,2015-12-18 14:48:58,孤独患者
310,立花栊-,476494649,“先生，孤独和寂寞有何区别？”“寂寞是指一个人身边没有能与之相伴的人”“那孤独呢？”“孤独或许是与之相伴的人，却志不相投”,20022,2018-04-19 00:52:58,孤独患者
311,你看白雾花,41281369,作曲方大同哎,16908,2014-11-27 20:23:32,孤独患者
312,Happiness_fish,1675882587,我所認為的好朋友都有比我更好的朋友。,6820,2020-11-25 23:04:21,孤独患者
313,大大大大大大力,15784317,今天无意中看到的，外向孤独患者的八个特征:手机不离身；对待不同的人有不同的性格；从小就懂得很多道理；有时候很神经，有时候很镇静；会因为别人的一句话伤心，但不会被发现；安慰很多人，但自己却没人安慰；会怀念从前，讨厌现在；有时候会笑得没心没肺，有时候却很沉默。😳😳😳,6730,2017-01-07 22:27:09,孤独患者
314,眯猫毛,554591897,舍友真的是舍友，做不了谈话的知心朋友，平常一起嘻嘻哈哈还可以，但是心里话是真的说不了的，每个人都相处的不近不远，6个人一起走，你以为比较近一点的舍友但她觉得你不是她最近的，有时候真的挺累的，有时候说出了自己最担心的事情，她们的态度真的让人挺反感的，在陌生的大城市有时候真的挺孤独的,6338,2017-12-05 11:17:48,孤独患者
315,热心市民张志明,1302409345,大一暑假和女朋友去看Eason's life. 我和她进场晚，没能及时赶上开场。进场时Eason唱着这首歌，舞台上亮着绚丽的灯光，而我拉着她的手在场内奔跑.,41032,2020-03-26 11:40:09,娱乐天空
316,向着光亮那方吧,260195666,去了厦门场  因为厕所排队 刚找到座位就听见舞台上面响起  阳光多灿烂   他从舞台上一点点升上来  我在座位上眼泪唰的掉下来   那种心脏上被开了一枪后鲜血都要迸发出来的感动  终生难忘  脑子里都是原来有一天我真的会来到他的现场   原来我真的长大了 一路上  感谢有你,13792,2016-06-20 22:02:57,娱乐天空
317,我不把你打哭,63794667,看MV，听节奏，摇摆起来！根本停不下来！ 不过这首歌看似欢快，最后却是表达想要挣脱如今的生活却又舍不得的无奈，感觉就像周星驰的大话西游，将悲剧以喜剧的形式表现。这首歌是将凄凉与无奈以欢快的节奏来表达。最喜欢MV后面报纸盖面后的转折，突然节奏变慢，之前的欢快都是装的，真实的情感一下表露,11104,2015-05-26 19:49:44,娱乐天空
318,uing__,1416053799,记住一件事：越努力越进步越开心越自信越懒惰越迷茫越焦虑越自卑,9033,2020-04-03 15:52:30,娱乐天空
319,徐皂,39547138,这歌多好听啊！！！！为什么排的这么后面[痛苦][痛苦][痛苦],6237,2015-03-25 17:57:28,娱乐天空
320,ijack,7233758,整首听下来想表达的就是:一种无奈而接受现实的感觉,5306,2014-09-17 00:30:40,娱乐天空
321,775Kk,113585006,eason是我听过国语里面吐字最清楚的没有之一😎,4736,2016-02-07 00:09:28,娱乐天空
322,白阳乐乐,114028139,陈胖子的有些歌是初听不好听，过一阵子再去听，瞬间单曲循环了,4420,2015-12-18 13:12:21,娱乐天空
323,强相互作用探测器,76506153,刚开始不知道封面是啥 后来看评论才知道尿尿的是陈奕迅 再后来又发现被尿一脸的也是陈奕迅[大哭],3621,2015-10-21 23:01:19,娱乐天空
324,心情开始好转的宁花园,544384642,阳光多灿烂～～考研可真难…,3549,2019-09-13 10:20:02,娱乐天空
325,超甜甜甜的cha,67927607,在微博看见的一个音乐博主说：这不是一首嗨歌，是理想主义者与玩世不恭者在此合为一体。,3265,2019-02-18 21:38:10,娱乐天空
326,深山咖啡店,83072797,高三的时候，课间班里最后一排的几个男生突然就一起唱出了     阳光多灿烂~~    当时阳光刚好透过窗子照进教室   我跟同桌笑笑说阳光多灿烂     现在回想起来还是阳光的味道,3034,2016-06-29 14:18:11,娱乐天空
327,歳月如聲,39133700,特异独行，奕迅跳跃,2165,2014-10-12 17:02:50,娱乐天空
328,宫内莲华殿下,79806031,说来惭愧，我是从拉丁金轮找来的😂😂😂,1983,2021-07-03 08:58:25,娱乐天空
329,迪丽热就脱巴,364081205,我记得那天我爸指着我说姓梁的从来没出过我这样的孽障，我转身回自己屋放这首歌，音量最大，大声的唱，我爸气的跳起来砸我的门。,1930,2018-09-14 09:19:36,娱乐天空
330,建造隱形遊樂場,317086890,是但求其，在粤语中是随便的意思。 不是你的话，玫瑰给谁都一样都只是一束花的意思了,79760,2020-11-20 00:00:23,是但求其爱
331,SJ世俊,3296420507,有人说听情歌久了就会发现，陈奕迅似乎是个绝缘体，几乎在每首歌里都演绎一个失恋者。可现实生活中的陈奕迅，却有着甜蜜的恋爱经历和幸福的婚姻生活。或许，陈奕迅唱苦情歌的初衷就是让年轻人们忆苦思甜，珍惜眼前人吧！,64570,2021-01-19 21:37:59,是但求其爱
332,捕鹿-,323813824,你想我为了你而改变 却要我接受你的不变,49307,2020-11-20 00:23:53,是但求其爱
333,Zh1hoho,1325013718,每天都要疼爱自己的女朋友！不能对她大声吼叫！不吵架，要是吵架我都会想到我会失去她会怎样！ 所以我很珍惜，我宁愿主动认错，主动和好！因为我珍惜有她在的每一天，男人嘛，认错没什么，最怕失去了来不及后悔！！！,42377,2020-11-20 00:22:11,是但求其爱
334,橙子霖0,368454671,“是但求其，爱。”——“不是你的话，玫瑰给谁都一样都只是一束花的意思了。”“是，但求其爱。”——“玫瑰给你，但你不在意。”“是但，求其，爱。”——“藏在身后的玫瑰，期待报之以吻。”,26191,2020-11-20 00:34:45,是但求其爱
335,我就比较幸运,531000476,“其实早睡两个小时并不会错过什么消息”,17296,2020-12-01 13:28:01,是但求其爱
336,夏洛克的卷,64495728,是但啦~求其啦~諗咁多做乜啫！做人呢最紧要就係开心！,14770,2020-11-20 00:20:58,是但求其爱
337,艾伦伦耶格尔,1673927541,1. 是但求其/爱：随随便便找个人来爱2. 是但/求其爱：随便吧，是我爱的就行3. 是/但求其爱：只想要我爱的人,14643,2020-11-25 06:45:40,是但求其爱
338,云村大魔王,130289290,广东直男三大名言：是但、求其、你中意,12844,2020-11-20 11:32:18,是但求其爱
339,陈琛cicy,246172591,不同的人或许可以从歌名中看到对爱情的不同理解：1. 是但求其/爱：随随便便找个人来爱2. 是但/求其爱：随便吧，是我爱的就行3. 是/但求其爱：只想要我爱的人,10048,2020-11-20 21:54:42,是但求其爱
340,因为都会离开,2091486061,好喜欢张国荣的一句话:“如果有好感，那就是喜欢，如果这种喜欢经受住考验，那就是爱”,9754,2021-01-23 16:47:14,是但求其爱
341,一朵雲下雨了,363168515,你可以大大方方的承认不喜欢 承认是新鲜感 坦诚一点 正常人都没想过纠缠 可惜你不说实话装深情,9499,2020-12-14 21:08:22,是但求其爱
342,i阿洪,1907445811,原来爱意太明显 会把人推得更远,8214,2021-01-26 23:38:01,是但求其爱
343,Sel_XO,1379671271,原来提分手的人也会哭啊,8070,2021-02-01 00:49:39,是但求其爱
344,樂祝Y,1512030931,因为感觉不到爱 所以做了先逃跑的人,6569,2020-12-05 23:57:45,是但求其爱
345,rhythms,2490398,《我愿意》《你》《约定》《唱游到下世纪》 《奉献》《凭什么》 《拥抱》《情歌》《爱》《相信》《对白》 　《誓言》《幸福摩天轮》 《心血》《一一》　《垃圾》 《眼泪》《渴望》《地老天荒》《简单》《不舍不弃》 《过火》 　　《真心真意》《K歌之王》《未来》《绝》,7687,2015-06-16 19:05:39,K歌之王
346,浮丶島,42978718,有了网易云音乐感觉没有女朋友也可以了,5491,2015-05-18 20:05:14,K歌之王
347,惭愧且爱玩的国王_I7,58125440,粤语版《K歌之王》是由26首歌名组成的，前奏使用的是王菲经典粤语歌曲《约定》的前奏，为的是衬托出第一句歌词：“我唱得不够动人你别皱眉，我愿意和你约定至死。” ,5484,2015-06-03 23:51:36,K歌之王
348,向可爱露低头_Gang,64568797,林夕说，其实，你喜欢一个人，就像喜欢富士山。你可以看到它，但是不能搬走它。你有什么办法可以移动一座富士山？回答是，你自己走过去。爱情也如此，逛过就已经足够。,2916,2015-05-28 16:12:05,K歌之王
349,女孩与四重奏,59942444,我唱出心里话时眼泪会流。,1971,2015-04-14 21:04:13,K歌之王
350,樱掿,498654052,感谢国家反垄断，我熟悉的K歌之王回来了,1953,2022-01-11 18:05:22,K歌之王
351,Ace丶Dear,67513733,大家听国粤双语的歌曲时往往会觉得好像粤语版比较好听，其实是因为粤语有九个声调，国语只有四个，而音谱为七个。仔细听会发现粤语歌用的音和平常说话的调基本相同，而国语却大多都要变调才可以。所以粤语歌音域更广、表现更饱满、感染力更强，陈奕迅的歌很容易就能感觉到这些特点。,1847,2016-03-03 18:51:48,K歌之王
352,-Showers,402541785,你唱一百次K歌之王，她也只知道你喜欢陈奕迅,1457,2021-11-20 17:53:57,K歌之王
353,开心也绵绵,611321140,唱K歌之王的陈奕迅有了幸福的家庭 唱够钟的周柏豪也已经娇妻在怀，唱独家记忆的陈小春也有了应采儿。其实，只是听歌的人在伤心。只是想说，一样在听歌的你，不要太晚睡了，伤怀难免伤身，她不爱你，你要爱自己,1404,2021-11-08 23:27:05,K歌之王
354,Dcaws,1329453217, 高中时暗恋的姑娘很喜欢《K歌之王》，后来苦练了三个月，鼓起勇气在毕业典礼上独唱这首歌，那天观众很多，她和她男朋友在台下拼命的给我鼓掌,1388,2022-05-13 20:22:15,K歌之王
355,习惯过了头-,128136263,反正你也看不到！黄晓莹我喜欢你！,1317,2016-03-28 01:03:18,K歌之王
356,Jw_anice,19043388,儿时听歌听旋律，大时听歌听歌词。,1141,2015-06-22 12:39:11,K歌之王
357,啊哇呀哈嘿嘻耶,68530485,有人听到最后一句唱完eason的哽咽声吗？听到了赞我[口罩],845,2015-08-27 22:46:44,K歌之王
358,Taylorlana,1538231878,“​我唱的不够动​人你别皱眉 ”这句歌词真的好催泪 ，想起喜欢一个人时的小心翼翼​，我对你唱出千言万语，你却只是夸我唱得好​。,688,2022-10-19 19:38:49,K歌之王
359,Li丶Mao,396717755,我也不确定你看得到还是看不到，毛荣锦，想起当初的我用非常蹩脚的粤语对你唱这歌，现在我可以模仿的有个七八分相似了，不过却是不能再给你唱了，每个人都会错，错了就得担着那份责任，我经常会想起你，我既希望你能偶尔想起我，也希望你不要再想起我。,627,2017-08-08 15:58:17,K歌之王
360,胡哼,17530641,“很多人想失恋也没有目标”夕爷你够了....,135850,2015-05-18 17:48:42,你给我听好
361,燃烧的灰熊,71908710,这首歌的别名叫：世上有这么多事可操心，你却天天只绕着爱情转。,115269,2016-02-11 13:51:29,你给我听好
362,帐号已注销,45268531,为了一个不爱你，不关心你，不认可你的  人，伤心，心痛，怀疑否定自己，甚至寝食难安，这样对自己真的好吗！！！面对不珍惜你的人，就应该头也不要回的狠狠甩掉才是啊！然后好好爱自己，好好爱珍惜你的人才是啊！,62613,2015-03-16 00:04:52,你给我听好
363,LillyXLilly,44896955,感觉夕爷真狠。狠狠扇了一些现在为了爱情要死要活的人耳光。但语气还是这种劝慰式...句句箴言。虽然国语词是没粤语词感情戳人。但立意已经比很多词高很多。林俊杰 林夕 陈奕迅这三人的特色都很好的融合。赞[强],49109,2015-05-29 13:11:27,你给我听好
364,Super橙子君,40757898,本来抱着半个西瓜，在用勺子吃西瓜，然后听到这首歌，就停了下来，能让我放下西瓜的东西不多。,39873,2015-10-06 17:10:45,你给我听好
365,宇伦,44210086,这前奏。。热血传奇选人界面即听感！！,34097,2014-12-11 22:14:51,你给我听好
366,Fiona-bymoonriver,75808949,林俊杰的忧愁，陈奕迅的控诉，还有林夕的孤独。,33202,2016-02-28 15:45:48,你给我听好
367,鹤锦锦,255429509,网易云真好，能让每个平凡的人都能收到多多少少的赞。我们年龄不同，心境不同，感受不同，却在同一时间听着同一首歌,29558,2016-04-16 09:21:04,你给我听好
368,一条狗i,3588545,说一听就是林风格的都是神耳，这张专辑林作曲制作的那5首也就阴天快乐比较明显，有许多林作曲常用的和弦，编曲也很林俊杰。这首你给我听好完全就是一首纯正的陈奕迅。。。很鸡汤的一首歌啊，不知为何这么多人开脑放，一听就是林俊杰。。。。,12531,2014-11-27 11:13:52,你给我听好
369,-llNuyoah,360497285,你就委屈点栽我手里行吗。,11540,2016-12-27 22:20:24,你给我听好
370,苏成079,27016169,因为感情而烦恼是幸福的烦恼。表面抱怨一切难以招架，内心却仍然庆幸有权被爱而偷笑。简单概括这句歌词：别虐单身狗。,10208,2015-04-20 12:30:45,你给我听好
371,过度炽热i,115444345,我下个月就要结婚了，我想这辈子，都无法嫁给自己的爱情了。,9763,2016-12-26 23:01:28,你给我听好
372,01115102,34653982,作曲林俊杰就是质量的保证 [奸笑],9069,2016-02-23 21:26:14,你给我听好
373,跟晚间林回家,269170138,能做朋友最好别做恋人,8694,2016-04-25 20:05:31,你给我听好
374,大瑶同学YAO,278766516,人永远不会珍惜三种人 一是轻易得到的 二是永远不会离开的 三是那个一直对你很好的 但是 往往这三种人一旦离开永远不会再会来,6987,2018-12-14 13:16:17,你给我听好
375,-银针菇-,42023602,没人吐槽封面吗[汗],72328,2014-12-07 22:22:44,可以了
376,一罐可乐喝不完,112330275,昨天莫名其妙差点分手 失眠一个晚上 想了很多 “爱一个人的感觉就像是在赌，押上你的时间精力和一颗真心，想要她看你一眼，再一眼。你押得越来越多，越来越舍不得收手，有的人赢得衣钵满盆，有的人输得分文不剩。别说你不求回报，上了赌桌的人，没有一个想空着口袋走 ”,63708,2016-04-11 10:02:54,可以了
377,花栀儿,82115147,作曲：林俊杰,50816,2016-01-10 15:45:37,可以了
378,大叔不累,10152565,让我当那个提分手的罪人[哀伤],33843,2014-10-29 17:57:22,可以了
379,Lucifer_zhl,297563020,你给妈妈发短信 妈妈不回你你一般不会心慌你给对象发短信 对象不回你你也许会心慌 为什么根本原因是 你确定你妈爱你 而不确定你对象爱不爱你只有不确定的东西才会让人患得患失,32024,2017-11-29 19:05:42,可以了
380,名字太长不好念,75549046,《东邪西毒》里有段台词：“以前我认为那句话很重要，因为我相信有些事说出来就是一生一世。现在想想，说不说也没有什么区别。有些事情是会变的，我一直以为自己赢了，直到有一天我看着镜子才知道我输了。在我最美好的时间里，我最喜欢的人不在我身边，如果能重新开始该有多好。”,25676,2015-11-09 01:04:35,可以了
381,他说我是蛇精病,29663575,有些感情走到这就可以了，有再多不舍也无需继续。,23175,2014-11-15 14:08:22,可以了
382,深海里的猫__,500218817,我记得 以前总会和你聊得很晚很晚 现在我们不再说话了 我还是会熬夜 但我想 不如从今天开始早点睡了,20592,2017-12-02 03:33:08,可以了
383,我與咯醉,31026177,听他的歌，会让人沦陷。,20304,2014-10-02 12:46:09,可以了
384,隔壁的戏子-,252438780,我突然发现我原谅你了，我不怪你了。我终于明白，很多人闯进你的生命里，只是为了给你上一课，然后转身匆匆就走。还是很羡慕你拥有那些我喜欢的品质，那些曾经属于我们彼此真诚又短暂片段和记忆，我一辈子都不会忘记，我会好好珍藏。可是走不到的路就算了，我们永远停在这了，爱不爱了成为过去了。,16993,2016-03-23 21:10:55,可以了
385,没到不了的明天,38387147,走不到的路就算了！！！,9495,2014-12-09 14:38:41,可以了
386,青楼男子,971262,好听的不能再好听了，假如早点听这个歌，也许结果会不同,6284,2014-10-28 21:34:24,可以了
387,我陷入你,1349968421,是啊 喜欢我的你 终于被我的冷淡逼走了 抱歉 我实在不能自私的将你留下 如果我只会让你伤心 不如放你走 你会在没有我的地方过得很好的 对吗,5978,2018-05-14 23:40:03,可以了
388,哼着LemonTree,387618358,我觉得封面很“陈奕迅”,4982,2018-12-20 16:54:58,可以了
389,等你很久了_UCc6,1572098386,你说我是不是有病啊，他喜欢我的时候，我总是找那些蛛丝马迹证明他不喜欢我；他不喜欢我了，我又非要去捡那些零零碎碎去证明他喜欢我💔,4628,2020-01-29 22:03:12,可以了
390,珣咂小心肝,125485439,今年，我要跟我谈了七年的男朋友结婚了！[爱心]初恋，从高一到大学毕业。这是很多人想要的爱情吗？,100005,2016-03-02 18:03:56,稳稳的幸福
391,青稞子,16018994,有时候不能听陈奕迅，他总是在表达一种弱势，被动，妥协，直至歇斯底里。这种被社会挤压的情绪太沉重，不是每个人都负担得起,45682,2014-12-07 15:24:57,稳稳的幸福
392,豆豆豆豆豆666,66020431,和他在一起快半年了，他没有上大学，也不是稳定的事业编。爸妈很反对，但是看到他在厨房里忙碌的身影，我心里总是涌动幸福的感觉。求祝福[钟情][钟情],36535,2016-02-07 08:18:18,稳稳的幸福
393,闫小言,41561279,我们都想让对方变成自己想要的样子，却从不满意对方所做的一切。就这样，我退你进，你退我进，在相互踩踏的过程中伤了心。激情，转瞬即逝，只有内心有安全感，才能幸福吧。[圣诞],13741,2014-11-22 21:06:36,稳稳的幸福
394,朴露,62976279,爸爸妈妈离婚了，我跟了妈妈，她明明有空却不来管我，平时和外公外婆住，孤独时没有伙伴，只能看书做题 。我看到别的孩子晚上都能和爸爸妈妈讲讲话，可我只能抱着枕头，把难过藏在心里。,11561,2015-08-21 08:56:42,稳稳的幸福
395,耳朵才是心灵的窗口,7041737,2017年1月29日，大年初二，剖宫产，上午9点43分，男宝1枚，9斤，母子平安，感谢媳妇，感谢我自己。祝各位平安喜乐幸福。,6118,2017-02-02 15:28:55,稳稳的幸福
396,跳跳大王你好,50590366,理想的婚姻：两个人有各自热爱的事业，早上彼此吻别去工作，工作结束回家腻歪在沙发上，陪孩子或看电视，一起做饭，一起打扫房间，彼此微笑，晚上抱着睡去，假期跟父母一起旅行，周末休息没事一起看电影，一起逛街，有什么话首先会对彼此说起。孤单的人想要的幸福总是简简单单，干干净净,3886,2016-02-02 17:13:25,稳稳的幸福
397,Tanngjing,3604815,以后跟五郎一样喝乌龙不喝酒,3063,2014-10-22 06:33:54,稳稳的幸福
398,帐号已注销,247085285,认识一个女孩8年，爱了她7年   如今只因异地，不能时刻陪着她，7年的感情自此结束，她爱上了别人！初中，高中，大学   我把你养大，你却要“嫁人”了      原谅我不再去打扰你，只因为我要为你现在爱的他负责      真心的祝福你们。  我却只能挤出一丝笑容，不让泪水流出   我爱一个姑娘，她叫张迟。  ,2882,2016-03-08 10:58:41,稳稳的幸福
399,顾微安_,583684727,等真正感受到被爱的那天一定要大哭一场,2613,2020-06-15 16:02:34,稳稳的幸福
400,Lsxz-o,1506024613,朋友说：“但凡他有一点喜欢你，我都不会这么劝你”,2546,2020-03-21 01:54:20,稳稳的幸福
401,耳朵才是心灵的窗口,7041737,领证了 。圣诞快乐。,2537,2015-12-25 20:28:08,稳稳的幸福
402,Rafforzarla,1598856986,我要稳稳的分数，能抵挡考试的残酷；在成堆的学霸里，能有个归宿[撇嘴][撇嘴],2461,2020-05-10 21:25:12,稳稳的幸福
403,大肚腩ii,352246011,你们说，单曲循环这首歌的人，是幸福还是不幸福呢？,2315,2020-05-17 22:40:57,稳稳的幸福
404,苏格拉底下没有人,131184300,一房，两人，三餐，四季,2214,2016-05-13 11:06:26,稳稳的幸福
405,我未曾珍惜的-我不再拥有,5847519,我的感情碰洒了，还剩一半。我把杯子扶起来，兑满，留给第二个人。他又碰洒了。我还是扶起，兑满，留给第三个人。感情是越来像一杯酒。感情是越来越淡，但是他们每个人，获得的都是我完整的，全部的，一杯酒。,18509,2014-12-20 18:46:45,粤语残片
406,swenhx,29537328,【粤语残片（pian1）】是原来电视台深夜放送的粤语老电影，常常是残缺不全的，故名“残片”。大概是指初恋正是在电视台放粤语残片的年代，又像粤语残片一样印象模糊，怀旧而美好。,9745,2015-03-07 11:00:46,粤语残片
407,帐号已注销,32831197,陳胖有一次唱這首歌把自己唱得哽咽起來 很想知道他回憶起了誰,8164,2015-01-27 05:58:29,粤语残片
408,SurvivorLouise,9901239,“有没捱坏了身子，会为哪位披嫁衣。”,4890,2015-01-11 00:34:39,粤语残片
409,uiuiuuiiiiuuui,45009402,于是有些人选择把酒封存起来，待到葡萄熟透，仍可一醉自救。,3648,2015-07-17 08:58:40,粤语残片
410,-冬靑-,113173687,初恋的男生都是笨手笨脚的[大哭][大哭],3116,2016-01-18 23:37:43,粤语残片
411,一个女粉丝很少的人,34992488,伊人已作他人妇，空余此心更付谁。,2869,2015-04-18 01:45:04,粤语残片
412,拿铁加糖_W,480505143,这首最爱的歌就不收藏了，听着脑海里就太多回忆啦，有赞了就回来听一遍，没有就算啦！,2684,2021-10-14 17:40:24,粤语残片
413,_第七页续词,1922100256,2021年了还有人听粤语残片吗,2669,2021-06-18 09:45:57,粤语残片
414,-Bucky,42975882,我真愿意，赌上天意，与你相遇。,2212,2015-02-03 21:31:20,粤语残片
415,savoki72,70943563,这首歌代入感太强了，既有约会，吃饭等日常小事，又有“刹那身体的触碰大件事”这种共同体验，还有“有没捱坏了身子”，“挂念我这臭小子”这种不为人知的小心情。以至于我每次听到，都会想起她，想起某些往事，甚至在深夜时想要流泪。心跳真的难重演，而想再遇真的靠天意了。,2132,2015-11-11 21:49:09,粤语残片
416,白白又白,107798615,男朋友一听这个歌我就觉得他在怀念初恋☹️生气气,1883,2020-03-20 15:25:07,粤语残片
417,真的骚不动了,39247158,这比白色球鞋好听,1674,2014-11-18 20:47:25,粤语残片
418,麻麻开m,606498013,歌就不收藏了，有赞就回来听听,1604,2022-06-22 15:22:01,粤语残片
419,眉眼间上川,1741941949,《粤语残片》整首歌，我觉得与其是对过往的恋情的怀恋，倒不如说是对青春年少、懵懂又真挚的自己的怀念。时至今日，我早已蜕变成成熟懂分寸、心态世故的社会人，无论是外表还是心态都俨然是一副世人认同的“大人”模样，只是当看见那件旧衬衣，种种少年往事顿时涌上心头，初次约会的兴奋、心跳悸动和小,1453,2021-09-11 02:47:26,粤语残片
420,小两首,102910197,比如我这种人就不适合恋爱，因为爱会唤醒我的占有欲、控制欲、疑心病，也会勾引出我的狭隘、自私、敏感，然而这每一种情绪都足以令我和与我相爱的人痛苦，且越爱越严重。所以为了避免害人害己的事发生，我会自觉远离不知情的爱慕者，也会默默疏远我可能会爱上的人。,46116,2017-03-07 12:17:10,内疚
421,YuZrong,17569182,“才下了眉头却攻上了心头……”点亮了整首歌。80后大叔深有共鸣感。直接而不直白。,41740,2015-04-09 20:13:56,内疚
422,啊啊啊柴,53747568,此情无计可消除，才下眉头，却上心头。——李清照《一剪梅》,25555,2016-03-09 11:18:05,内疚
423,pretend-sir,30698989,陈奕迅的歌就是一部电影,14493,2014-11-14 02:19:43,内疚
424,十級殖男,435000024,就在刚刚 我刚刚在二楼的阳台上面 点了一根烟  楼下有一群孩子在玩耍 看见了我 就在楼下喊 叔叔不要抽烟 抽烟对身体不好  我对这他笑笑 把烟掐灭了   一个人在陌生的城市 这种突如其来的关心 真的很让人感动,12164,2017-05-06 11:49:57,内疚
425,nisongdeliwu,47904531,我做过一个梦 梦里有你 可是我出车祸瞎了 只听得见你的声音 后来我复明了 你不见了,9820,2014-12-30 21:58:21,内疚
426,乐不可芷,64699111,曾经我问那个人为什么你的mp3里全是eason的歌，后来我也喜欢上了eason的歌，而那个人却不知道在哪里了。我偷走了他的习惯，偷走了他的喜好，却偷不走他以后的时间,8040,2015-11-11 17:00:45,内疚
427,晚点喝可乐jy,295078010,陈奕迅的大部分歌听懂了都不会觉得治愈，用最认真最平静的方式让你怀旧，想你失败的感情，想你失去的朋友，想你错过的时间，想你想抓住却放开的人。你所想但不敢说的，你想见又怀缅的，想永远却失去的，想厮守但没能长久相伴的。总之，唱到你红了眼为止。,7373,2017-03-04 10:47:27,内疚
428,麋鹿翘损友,67133576,孤独患者和内疚一起听，我只是找一个人的影子而已。[口罩],7072,2015-07-12 02:42:18,内疚
429,seewed,38993696,科普：“弯弯省国语标准中“刽子手”读kuàizishǒu，可以认为刘德华和陈奕迅是按这个标准唱的。在hktw国语字典里面，徘徊的徊读hui，第二声。弯弯不读“和”为he的，直接是读han。你们就当做是带地区方言的国语就行了，没法争辩的”——复制粘贴zhihu的。,4583,2016-04-07 10:11:52,内疚
430,Vikkol,543146967,你会不会对我愧疚啊 在你爱别人的时候,4411,2020-05-10 18:57:26,内疚
431,follower0419,570171524,没勇气面对的，才是多年后的后悔,4358,2018-04-09 19:35:29,内疚
432,别来看你爹,30951617,高三毕业失恋常听这首～,3910,2015-07-28 07:48:06,内疚
433,白羊梦35,433396887,我的狗狗走了  太突然  早上送去医院 输液两小时后它又拉又吐  最后四脚朝天痛苦的走了  我的小金毛2015年12月15出生  至2017年11月29日安息  养它这么久昨天第一次生病  今后大概不会再养小动物了  无法护它一生周全  也无法收拾它走后落荒的自己,3879,2017-11-30 10:18:24,内疚
434,玛co瑞纳,130778101,这首歌是陈奕迅写给他老婆的，他们之前离婚，而后陈奕迅出事大病了一场，他妻子又坐飞机回来一直照顾他，最后两人又复婚。也许外界看他老婆太作，但是陈奕迅还是宠到没有边际，两人感情磕磕绊绊，生活过的起起伏伏，彼此曾分开，可最后还是在一起了，真好。,3665,2017-06-23 16:33:55,内疚
435,唐映秋_,453622824,你连前奏都没听完，怎么知道是《十年》还是《明年今日》，你连表白都没表白，怎么知道是《明年今日》而不是《十年》。,7375,2021-12-27 16:38:45,明年今日
436,没假期火羊,510075986,明年今日 疫情结束 国泰民安,4192,2022-03-15 21:31:33,明年今日
437,取个名字都说已存在,540738855,明年今日抗癌成功健康健在,3260,2022-02-28 10:51:23,明年今日
438,别争了只有我是艾因的狗,510280787,你看，世人多奇怪。喜欢的人得不到，得到了不珍惜，在一起时怀疑，失去了怀念，怀念的想相见，相见的又恨晚。终其一生，满是遗憾。,808,2022-02-05 20:07:26,明年今日
439,Serpicol,350482117,离开你60年，但愿能认得出你的子女，上帝啊，林夕真是疯了，这么绝望的词怎么写出来的，短短一句就是一生的遗憾，在活着的时候注定永远失去,738,2022-04-06 16:39:19,明年今日
440,江乐_pAsz,1491314111,讲过去像是在卖惨，讲未来像是在白日做梦，讲现在又是当局者迷 迟迟无话 字字苦酸,645,2022-09-09 21:11:41,明年今日
441,仙仙爱柠檬,480626165,明天去领结婚证咯。哈哈哈哈,535,2022-11-06 21:30:58,明年今日
442,Kobe_kb,544411744,明年今日 参军入伍 保家卫国,502,2022-09-21 17:18:08,明年今日
443,Rock-Angle,1700051600,我当然知道 因为我的只收藏了《明年今日》,465,2022-02-01 16:18:27,明年今日
444,申嘉一,1652961384,如果十年太远 那就明年今日吧,451,2022-03-01 00:42:57,明年今日
445,chau6,267341113,陈奕迅曾做过件很煽情的事，他提前一年预售了自己演唱会的门票，仅限情侣购买，一人的价格可以获得两个席位，但是，一份情侣券分为男生券和女生券，恋人双方各自保存属于自己的那张券，一年后，两张券合在一起才能奏效。票当然卖得很快，也许这个是恋人双方证明自己爱情的方式吧。“我们要在一起一辈子,426,2022-04-24 23:40:27,明年今日
446,Night-Reira,1469702854,去年今日 我和你亲密无间 今年今日 我和你各自生活 明年今日我们也许再也不见,387,2022-12-27 22:09:53,明年今日
447,-星期八再见,1428923747,如果十年太远 那就明年今日,314,2022-12-19 19:35:13,明年今日
448,四目相对那一刻,1335534173,家里养的花自杀了，遗书写到：这一生不愁吃喝，唯独缺少阳光和爱。,263,2022-04-02 23:58:23,明年今日
449,笨小孩的祈祷,286726256,怎么和十年调调一样啊,258,2022-02-24 20:20:53,明年今日
450,Ewindxu,47027137,有时候可以循环，有时候一遍都听不下去,59443,2015-01-15 21:12:30,落花流水
451,漫步人生路---,46000273,人生最好的三种状态：不期而遇、不言而喻、不药而愈。,42252,2016-04-07 20:59:24,落花流水
452,DongMbaby,121344963,20岁的年龄真的很尴尬 不像早恋一样不顾一切 不像工作一样那么稳定 不够成熟也不够幼稚 没有能力却有野心 自己都还不稳定 怎么敢爱别人,39776,2016-03-05 03:58:30,落花流水
453,professor-wannabe,5748505,讲的不是备胎 是能够淡然面对分离有缘无份的两个人,26942,2015-09-10 15:20:39,落花流水
454,帐号已注销,70942641,希望你以后能过得好，别辜负我一生不打扰。,16556,2015-11-08 20:40:44,落花流水
455,黄敬德Kingder,37994035,能将一个备胎独白写的如此文艺。,13933,2014-12-19 22:40:05,落花流水
456,雨水会让你睁不开眼睛,46752613,听林夕只想嚎啕，听黄伟文就是哭笑不得地慨叹。,10490,2015-04-14 15:16:47,落花流水
457,goonbra,51425186,一直很喜欢wyman给陈奕迅写的三首歌，也许是这个年岁需要磨练的心态。【葡萄成熟时】讲的是沉淀和酝酿 【落花流水】讲的是豁达和洒脱  【苦瓜】讲的是韧性和厚度。,10364,2015-03-28 00:36:29,落花流水
458,peach-tequila,96878448,他不缺我这个朋友，更不缺我喜欢他,9534,2016-02-15 05:45:24,落花流水
459,苑媛儿,20036226,黄伟文通过《落花流水》道出爱情重要的并不是结果，而是能在过程中体味，共震，不计代价的为除自己外的人付出，其实流水的愿望只是将落花送运，而非自私的占有，这便是爱情的真谛了吧。黄伟文更通过这首词说出了人生无常，其实获得并非最好的结局，失去也许更该让人们庆幸，因为失去让你与机会找寻更好,9166,2015-10-18 11:07:13,落花流水
460,林诗人,8915323,情深不寿。,6637,2015-01-25 18:17:03,落花流水
461,111111222222L,120641470,林夕领进门，皈依黄伟文,5384,2016-03-21 15:34:35,落花流水
462,KEE221220,435258921,很多人觉得这首歌在聊备胎，因为有句歌词是，流水很清楚惜花这个责任，真的身份不过送运。但其实这首歌和备胎无关。有句俗话叫‘落花有意，流水无情’意思是花对水有意思才会落在水上，但水从不因此停下。《落花流水》只是延续着这个现象，流水不是无情，流水只是清楚，如果疼惜花，就别把花留下,5265,2019-12-10 21:16:41,落花流水
463,kakarotto_04Ho,301548370,"""有人说要感谢前任让你成长 让你变得更好 我觉得不是这样 那些痛不欲生 撕心裂肺的日子 都是你咬着牙一天天熬过来的 凭什么要谢别人 你要谢谢你自己""​",3367,2017-11-28 01:21:55,落花流水
464,yueee_seyf,502679773,这首歌可能更多写的是那些出现在你生命里带给你惊艳但可能不是那么爱你的人你们在彼此生命中淡淡交汇过即使后来你的生活里全然没有了他的印记你还是会一晃间想起曾经的温柔他的身份不过是送运却教会你爱和成长给你回忆,3055,2019-08-10 10:48:56,落花流水
465,poiNaty,471722531,跟无名之辈有一样的感觉,2472,2022-03-30 23:06:19,让我留在你身边
466,君未叹沉香10086,1765387830,评论少的让我不敢相信这是陈奕迅的歌。,2024,2022-03-30 18:48:52,让我留在你身边
467,喝粥只爱鱼片粥,1605401170,谁半夜听eason发现版权回来了,1155,2022-03-31 00:48:17,让我留在你身边
468,-WYPeng,477380341,你父母爱你 无病无灾 吃得饱穿得暖 能平凡的好好生活着 你也不做坏事不犯法 亲人平平安安 这已经是中等偏上的人生答卷了,843,2022-03-31 11:41:03,让我留在你身边
469,许我平安喜樂,1319113421,歌词的事，我已经花两积分托人去办了,484,2022-03-30 13:27:46,让我留在你身边
470,邓长丞,1408987544,人和人的出场顺序其实太重要了，陪你伶仃大醉的人是没办法送你回家的,423,2022-03-31 20:08:31,让我留在你身边
471,屈牛仔,94521243,28岁了，2022年3月31日，告别建筑设计这个行业，全职考公，最后两个月，背水一战，全力以赴做好一件事,304,2022-04-03 20:48:37,让我留在你身边
472,猫养了鱼儿,1472925354,现在的华语乐坛，想听好听的歌，就像再垃圾堆找宝藏，找的累死了，干脆直接搜索“陈奕迅”，陈奕迅从来不会让我失望,270,2022-03-31 19:35:22,让我留在你身边
473,MyJinji_v,392140227,为啥总感觉鹿晗唱过这首歌 还是我记错了,219,2022-04-12 17:39:30,让我留在你身边
474,阿丶Xuan,614012955,后来啊，我不再期待任何人和任何事，一切反倒顺风顺水,181,2023-04-11 22:05:20,让我留在你身边
475,旧梦港777,1926849616,92天，我要上岸，必定上岸，加油,175,2023-03-07 22:31:50,让我留在你身边
476,爱-不能只靠感动,436416625,这个和无名之辈是什么关系啊,173,2022-04-04 16:02:13,让我留在你身边
477,小猫不挠你,2129505275,“神明没收了人类的胆怯，这使少年们的青春轰轰烈烈”,166,2022-04-04 20:32:20,让我留在你身边
478,为TA-值得,4011227649,“如何亲手毁掉一个人？”                                 “无条件的给她全部，再一次性收回来。”,119,2022-10-29 16:57:34,让我留在你身边
479,CEHN7R,3875423167,不要因为别人都在交卷自己就乱写答案,100,2023-05-21 09:41:24,让我留在你身边
480,an悦鸿,414530498,以前有个人赞了我。。。。。他就。。。。。。在香港旅游的时候看到了E神。,5548,2017-07-30 11:12:37,岁月如歌
481,_IJIA,401904462,每日审核能审到这首歌的，都是些什么神仙合伙人？！！,3277,2021-07-14 19:25:06,岁月如歌
482,最易罪名,592381218,网易云欠我一个满是陈奕迅的女孩子,2838,2021-07-13 08:25:15,岁月如歌
483,Ec谜,3243484769,后来你才会发现 你要嫁的是人品 责任 担当和细节  是外面能直腰撑天下   家里能弯腰下厨房  事事有回应 件件有着落 而不是只要面子  不顾及你感受的人 ,1444,2022-02-18 17:01:02,岁月如歌
484,Ben_Guitarist,13826633,Eason四十岁生日快乐！果然是岁月如歌啊，无论你喜欢或不喜欢陈奕迅，他都是香港歌坛一个时代的记号！可不爱，但不可不听。,964,2014-07-27 21:24:26,岁月如歌
485,carolstar九九,295147916,啊我超爱的岁月如歌又能听到了！！！,896,2021-07-13 16:41:25,岁月如歌
486,沄__,574225354,真的会有女孩子听陈奕迅的歌吗[西西疑问],818,2021-08-10 11:19:09,岁月如歌
487,Mika0_0,88683049,这首竟然不是999+,608,2016-01-18 18:01:56,岁月如歌
488,魚在凌晨__,408848874,爱与不爱很明显 有人及时止损 有人自欺欺人,539,2022-01-31 14:41:32,岁月如歌
489,魚神BB,89175290,喜欢兄妹的听友，大概都不是看《冲上云霄》才听这歌的吧,465,2015-12-19 23:48:43,岁月如歌
490,ZARD1996版,529978394,香港歌神从许冠杰，到林子祥，到张学友，到Eason，下一个会是谁？在现在这么烦躁的娱乐圈，恐怕......没有下一个了[惶恐],431,2017-08-08 11:33:06,岁月如歌
491,sasha1258por,2050068370,这是兄妹的粤语版吧！,423,2022-04-11 14:32:20,岁月如歌
492,isJiua,530095914,“天气不似预期 但要走 总要飞”,341,2023-01-18 01:20:03,岁月如歌
493,小胡子老人,1587828405,当世事再没完美，可远在岁月如歌中找你❤️,327,2021-07-11 23:33:58,岁月如歌
494,风里眠l,259080126,想起八月长安讲的“如果我能少喜欢你一点，你会发现我是个特别好的人。有时候，爱会让人面目可憎。”,277,2017-06-03 18:43:30,岁月如歌
495,癫狂小野人的诗和远方,45349785,过去十八岁没化妆，不过有人追,60041,2015-02-10 23:58:27,陀飞轮
496,切格瓦拉的玫瑰,31091352,陈奕迅很多歌是唱给屌丝的，而这歌是唱给高帅富的！,23091,2014-12-17 02:29:30,陀飞轮
497,张川学,108323960,男人永远都是孩子，只是玩具越来越贵,23000,2016-03-15 23:44:18,陀飞轮
498,池石镇out,59872009,之前《浮夸》很火的时候，有次eason的演唱会，到快结束的时候eason问台下的观众'你们接下来想听我唱什么歌'。观众齐声喊道《浮夸》；eason有点失落的说‘你们只想听浮夸吗？‘。,14804,2015-08-16 13:43:18,陀飞轮
499,渣科,387788,林夕：得不到，我好难过；黄伟文：我有钱，我好难过。,13121,2016-04-05 12:17:05,陀飞轮
500,是林小沐呀,33040042,陀飞轮是瑞士钟表大师路易 ·宝玑先生在 1 7 9 5年发明的一种钟表调速装置 。法文 T o u r b i l l o n有 “旋涡 ” “小风暴 ”之意 。当年的怀表时代，由于大部分时间怀表都处于直立状态，陀飞轮这种旋转擒纵机构对于钟表的走时精准性有很大的提升。,10504,2015-04-17 22:29:19,陀飞轮
501,满城红袖招,32697076,烧完美好青春，告别青涩岁月，男人开始成长起来，步入物欲横流的金钱时代。生活讲究“美酒跑车相机金表”，职场要求“高薪高职高级品搏尊敬”，“卖了任性日拼夜拼”“换取一堆堆的发票”。后来皮肤竟也松了，那就不求十寸金，但求一位五尺千金吧。只是变卖了灵魂，停止了心跳，是否能记住光阴的教训？,8329,2015-01-12 14:13:02,陀飞轮
502,Undomie,66121370,为什么我明明是个啥都没有还在花钱读书的屌丝，听这首歌会产生一种“人到中年腰缠万贯成功人士高处不胜寒怀念过去那些虽然穷苦但是单纯美好充实的日子啊”的心情啊。[大哭],7782,2015-07-17 18:59:21,陀飞轮
503,生姜橙汁不加糖,29580309,曾付出几多心跳 来换取一堆堆的发票。[小鸡],5025,2014-11-12 11:47:59,陀飞轮
504,zi11_ha,82940587,你献出了十寸时和分 可有换到十寸金 ,4181,2017-05-18 20:40:25,陀飞轮
505,阿星喝茶晒太阳,19246639,黄伟文的词，陈奕迅唱得出那种感觉。,3450,2015-01-09 21:18:46,陀飞轮
506,老鸡y,341735942,后来几十年常化妆，只有人来泡,3035,2019-01-22 19:22:32,陀飞轮
507,末路悲歌,98204304,咋地啊？都听一个歌手还听出优越感了？,2584,2019-06-13 05:15:51,陀飞轮
508,Meen,2031890,多谢，我的27岁，再见，我的27岁。,2548,2015-01-24 23:22:12,陀飞轮
509,大时代的小插曲_,246748150,「陀飞轮」在此词中，是三关语。其一寓意名表喻时间，形容光阴昂贵；其二「陀飞轮」的粤语发音是time flies「时光飞逝」的谐音，其三，陀飞轮的工作原理是抵抗地心引力，法文Tourbillon是漩涡的意思，暗喻人生忘却光阴宝贵，陷入物欲漩涡的意思。,2525,2017-01-04 21:43:10,陀飞轮
510,MeXiZ,38387151,天气很冷了。英国的冬天其实并不难捱，去年冬天甚至没有下雪。大衣也是这个星期才开始穿。整个十一月都在作业、论文中度过。昨晚刚交了最后一篇报告，今天其实脸色很难看，于是穿了一件大红色的大衣，自以为就能显得气色好。四点钟天就黑了，下了课去买菜，要穿过一片黑黢黢的小树林，听的就是这首,61653,2014-11-25 07:29:13,倾城 (Live)
511,MeXiZ,38387151,以前看金城武去南极的记录片，心想，这个男人怎么能这么漂亮，眼睛里总像是有泪水，亮亮的。而现在我走在冷风中，看见马路上的车灯，也都是一个一个的光弧，才知道眼里有泪大约只是天气太冷的缘故。,43790,2014-11-25 07:32:07,倾城 (Live)
512,姓王的a,34961575,以前听歌听调，现在看歌词。也许就是那一句歌词触动了你，写的像你，你就把它下载收藏了。,25375,2014-11-14 13:54:33,倾城 (Live)
513,shnobi,87141616,所谓和平分手 一定是有一方承受了更多的伤害吧,23672,2016-03-13 22:49:46,倾城 (Live)
514,不会唱歌的老艺,19178466,前任送我的一首歌，还说“你能听懂就去听吧”。 热情就算熄灭了，分手这一晚也重要。 谢谢你。,19471,2014-11-23 19:22:59,倾城 (Live)
515,江南皮革厂CEO黄总,112833809,非洲的夏天很漫长，一年四季都很热，整年都在上班，没有穿过外套，最厚的衣服就是衬衫，工程刚刚竣工，昨天厚厚的验收报告刚做完，脸贴着墙壁就能睡着，工地在原始森林里面，离住的小镇有半个小时的车程，每天上班下班的路上，穿过一原始森林，听的就是这首,17970,2016-01-14 02:56:35,倾城 (Live)
516,Rhannibal,68697675,年纪大了就很难再爱上一个人了，只要对方表现出一点无意，就会放弃,15581,2016-03-29 13:18:08,倾城 (Live)
517,素人发言,2476127,翻唱的人何其多，最赞只有你。,13076,2014-12-09 17:16:09,倾城 (Live)
518,Submarine_3Zzx,19329725,许美静和陈奕迅的不同版本充分体现：男人多情而长情，女人专情而绝情。,12559,2015-12-09 22:55:05,倾城 (Live)
519,境泽兄我敬你一杯,438500986,“但凡死缠烂打的人，大都不是真的深爱你，那只是在跟自己赛跑。真正爱你的人，做不到死缠烂打。因为自尊不允许。我们一直深信，爱就是把最好的一切给予对方，包括尊严。多少浅浅淡淡的转身，是旁人看不懂的情深。”,10104,2017-11-05 20:16:13,倾城 (Live)
520,不误正业的KK,127278378,之前一直不明白“琼楼玉宇”怎会“倒了阵形”呢？直到那晚写信时听到这首歌，红润的双眼看着窗外，那高楼竟在眼泪的折射中变得东倒西歪，或许这大概就是，“倾城”吧。,8360,2019-12-26 01:02:36,倾城 (Live)
521,宝耳菇凉,33567451,最好翻唱，没有之一。,6351,2014-11-16 09:35:07,倾城 (Live)
522,66662222666,32249713,黄伟文的词也真是妖媚地赞啊！,5094,2014-11-24 01:28:39,倾城 (Live)
523,JayDn,11906628,今天才听到这首倾城，真是罪过，不是医生自己的歌照样直杀人心，对医生的深情毫无抵抗力[呲牙],4411,2014-11-26 17:46:34,倾城 (Live)
524,Dsil_,124338052,梦浅情深落花有序你还会再爱一些人再次画出窗外的月亮而世界的背影陪着我等你,3839,2018-01-20 12:40:18,倾城 (Live)
525,明明是我的好嘛,41836866,祝天下所有的情侣都是失散多年的兄妹[亲亲],14445,2014-11-22 17:51:10,兄妹
526,Webb-_-,46038118,突然被歌词所述愕然，一人给予真爱，一人给予友情，爱情是真，友情属实。如果不是因为我的爱，你是否还会和我保持朋友关系？如果不是因为你的暧昧，我是否依旧爱你如初？这爱和友情，是否依旧纯粹？,7617,2015-02-14 11:09:44,兄妹
527,voyagee-,6137364,渣男之歌,7357,2015-01-04 14:09:30,兄妹
528,月球上的人_A,108503992,你可以一杯热水烫死我，也可以一杯冰水冷死我，但不能一杯温水耗着我,4709,2016-07-08 12:14:19,兄妹
529,hiyl,20036393,知道你有了女朋友，我竟然难过好久。我不能给你幸福，也不想看到别人给你幸福。是因为我喜欢你还是占有欲在作祟？就像橱窗里的心爱的商品，自己买不起，看到它被别人买去后会失落。以前，即使它不属于我，我也可以常常看到它，可是现在它却属于另一个人了。,3590,2014-11-22 16:38:46,兄妹
530,橘至淮北,275156255,想起八月长安讲的“如果我能少喜欢你一点，你会发现我是个特别好的人。有时候，爱会让人面目可憎。”,3419,2016-06-13 01:04:11,兄妹
531,Biophilia_TT,33058310,居然就这样随意唱出我现在的处境。林夕。,2525,2015-02-11 13:24:27,兄妹
532,月球上的贩卖机,298834970,听陈奕迅时想的人 很难有结果,1783,2022-02-22 19:48:46,兄妹
533,贰陆2021,17773669,喜欢粤语版唱的，又喜欢这首的歌词[大哭],1652,2014-12-04 23:06:26,兄妹
534,獙獛同志,69873702,明显就是男的把女的当备胎，男的还要故作悲情地认为自己不得已而为之。（哪个女生吃饱了没事对一个男的那么好啊喂,1651,2016-02-03 05:54:53,兄妹
535,DoveXiaoYu,114097564,我没得到过你一次，却像是失去了你一万次,1481,2016-03-03 13:50:31,兄妹
536,Aaa悲伤蛋花汤,1828491120,我始终认为 心要腾干净才能住人,1395,2022-05-16 00:58:43,兄妹
537,早唞,80772136,我真是恨极了这首歌，没有原因。,1350,2015-12-12 18:43:54,兄妹
538,Esacpeyy,1344799279,朋友以上，恋人未满的暧昧关系，只要有个人陪，而你是可以随找随到的，心里并不爱你。,1275,2022-03-15 18:06:45,兄妹
539,spark宇,428130970,杨绛先生说：下次再遇到喜欢的人，一定要提醒自己，只做朋友，只谈笑风生，不可以动情。不远不近的欣赏，淡淡的喜欢，不至于最后乱了初心，败了芳华。,1218,2022-05-18 14:53:14,兄妹
540,Maxiliam,49215269,今天是除夕，我一个人在家，在这座距离你1500公里的城市的某个角落又想起你。我记得你拿到offer以后对我说，你有一份稳定的工作，可以支持我闯一闯，如今我的公司我的商标我的车牌都仍然与你有关，我却不能让你知道。你写论文的那台x31和t60我依旧留着，我常常想，你会不会有时也想起我,71930,2015-02-18 02:45:29,约定(Live)
541,Maxiliam,49215269,站下来的超市仍在。我也去了你的单位，坐在车上在路边待了一下午，见到你去收发室拿快递，五年后再见你我能听到自己砰砰心跳声。也许今年夏天在真真的婚礼上我们可以见面，那时是分手整整五年了。日子过得可真快，我想再抱一抱你。,46516,2016-02-09 02:13:02,约定(Live)
542,绿野仙踪的桃乐妃,473513876,他喜欢的歌故事里没有你,29865,2017-05-15 16:44:12,约定(Live)
543,勇与怯,59572272,没有人觉得最后eason对哥哥的那番话很感人吗[流泪],20142,2015-06-08 20:48:25,约定(Live)
544,玻璃晴朗橘子辉煌-,84293290,eason的《约定》和王菲的《约定》的区别在于，王菲的《约定》像一个和爱人有过约定的女人在约定到来之日对爱人的急切呼唤“你快来，你怎么还不来，你再不来我可就走了”。而eason的《约定》则像一个深情的男人的承诺“你等我，我一定会来，你千万要等我”，缓缓诉说自己的柔情。,17778,2016-01-14 11:11:52,约定(Live)
545,SESH_,40922020,曾暗暗发誓. 将来如果有个男生给我唱这首歌 .我就嫁给他.,15500,2015-05-14 23:44:20,约定(Live)
546,聆听lws,41837552,有人认为爱是性，是婚姻，是清晨六点的吻，是一堆孩子，也许真是这样的，但你知道我怎么想吗？我觉得爱是想触碰又收回手。,10678,2016-01-06 16:07:12,约定(Live)
547,花里胡哨的以为自己很帅,40491496,逗了，这首歌处理技巧确实不行。但是医生当时的身体状态非常不好。正是这种沙哑的嗓子才能唱出这样独一无二的“约定”,9361,2014-11-09 20:26:38,约定(Live)
548,帐号已注销,78545562,说片面是熬夜 说实在是失眠 说实话是想你,8173,2015-12-14 13:25:10,约定(Live)
549,可乐与李知恩,600957016,“其实真正的送别没有长亭古道，没有劝君更近一杯酒，就是在一个和平时一样的清晨，有的人留在昨天了。”——克斯维尔的明天,7136,2018-05-21 22:59:48,约定(Live)
550,蒋超杰,16889445,高嘉琦，我爱你，以后，我会在殿堂里唱这首歌给你听！两鬓斑白都可认得你,6261,2014-12-27 08:20:26,约定(Live)
551,博多駅,42990232,还有哪个人能如陈生，翻唱的歌都能变成自己的，不论男女,4852,2015-01-26 13:15:18,约定(Live)
552,我的啦,40396750,匆匆离开你，商场外面的地铁口，街边的艺人弹唱着约定国语版，已经记不清好久没有被感动，好久没有给街边的歌手或者乞丐半分怜悯之心，这次却停住脚步舍得听完一首歌，然后回来听完一首歌的所有版本。,3609,2014-12-23 01:06:15,约定(Live)
553,Stwinkle,42454642,入耳即化～,3279,2014-11-28 18:10:48,约定(Live)
554,Lcy_max,30486072,每一次单方面的进步，其实都把对方推的更远，一个人的进步就是两个人的退步。能走到终点的爱情，必定是肩并肩一路同行。,2711,2018-12-21 21:38:14,约定(Live)
555,不会唱歌的老艺,19178466,是我不好，不是爱情不好，所以，请继续相信爱情。,92902,2014-11-25 09:31:34,于心有愧
556,嗯我是闪婚老人,14254177,你欠某个人的，会有另一个人要回去。某个人欠你的，会有另一个人还给你。你对某个人做的事，不管是伤害还是付出，总会有另一个人报答或者报复。在不同时间的节点。人生的无情与多情，绝情与滥情，总体来说，是守衡的。,56429,2015-03-14 14:07:14,于心有愧
557,布瑞恩教授,49722859,人生最唏嘘的事莫过于两情敌去ktv，备胎唱了天后，正选唱了于心有愧，我在旁边泪流满面,35680,2015-01-29 11:31:12,于心有愧
558,苏荔珂,34572805,想起毛彦文这段话， “你对我的教训太惨痛了，从此我失去对男人的信心，更否决了爱情的存在，和你分手后近十年间，虽不乏有人追求，我竟一概拒绝。以你我从小相爱，又在同一个环境中长大，你尚见异思迁，中途变心，偶然认识的人，何能可靠……”典型一段感情摧毁全部信心的例子。,23395,2015-04-26 00:06:42,于心有愧
559,戾猫,249662728,陈奕迅最难唱不是浮夸是于心有愧。听好了，于心无愧这首歌根本不是忏悔书。那些最喜欢不告而别的人哪里会心存内疚，不过一句对不起拍拍屁股走人。讲白了这首歌是被辜负的人还在幻想，幻想那坏人会惭愧。再利用这个意淫心态去做更多感动自己的蠢事，夸张地以眼泪淋花，一心只想你惊讶。,22423,2016-05-03 09:03:08,于心有愧
560,小程未郁,52879714,周芷若冷笑道：“咱们从前曾有婚姻之约，我丈夫此刻却是命在垂危，加之今日我没伤你性命，旁人定然说我对你旧情犹存。若再邀你相助，天下英雄人人要骂我不知廉耻、水性杨花。”张无忌急道：“咱们只须问心无愧，旁人言语，理他作甚？”周芷若道：“倘若我问心有愧呢？”,17603,2016-02-10 22:17:56,于心有愧
561,-Eveeeeee,87743983,那些冷暴力逼走最爱的人都来忏悔一下吧，不爱了就直说，不要半吊子拖着，不喜欢就不要去撩了，真的很伤人[哀伤],11817,2016-04-09 09:30:57,于心有愧
562,葱葱倔,36053311,永远不要对爱过你的人说对不起，那样还不如不说好受,10236,2014-11-25 16:25:15,于心有愧
563,飞天大萌萌,42150624,等一个人等了7年，让自己变成更好的人，终于有一天他回了头，短短几周葬送了这7年的执着，留下这歌于心有愧，又有何用,6243,2014-12-16 01:42:47,于心有愧
564,YANGZHEYINGKING,49905806,我愿意把未来所有的好运都给她，祝她幸福,5612,2015-01-31 01:18:04,于心有愧
565,伤心的葫芦不听慢歌,436424626,在分手这件事上最好的心态莫过于：无论我们的关系会走到哪一步但愿我们之间始终保持坦诚 真的不爱了也没有关系 那是你的自由 只要是真话我都有能力承受 只要没有欺骗我便心存感激,5112,2018-04-29 21:44:23,于心有愧
566,帐号已注销,3690320,给别人推荐这首歌时说是我喜欢陈奕迅的一个转折点，从这首歌变成脑残粉的。,3578,2014-11-11 00:10:39,于心有愧
567,随性oc1,129265286,这是林夕在他母亲去世后写的，林夕父亲去世的数年后，他母亲改嫁邀请他去参加她的婚礼，但是林夕并没有去参加，后来他母亲去世后，在他母亲的后事上，亲人告诉他，他母亲因为林夕没去非常伤心，整个婚礼都没有展露过笑容，林夕听到后感到非常内疚以至于到不敢相信的地步，所以写下了这首歌给他母亲。,2850,2020-06-11 04:14:18,于心有愧
568,偏执的刺猬L,270475225,谢谢你对我的好不是你不对，只怪我是个刺猬可能我现在真的再也爱不上一个人不是电影也不是小说愿你月月日日岁岁年年都能开心洒脱如往日愿你少喝酒少抽烟少熬夜多努力会变得更好可能我是真的喜欢你，但我也可能真的是爱不上你,2669,2017-11-19 23:49:12,于心有愧
569,janeykiwi,317704515,不联系 不诋毁 不祝福 不原谅,2056,2017-01-12 16:22:49,于心有愧
570,Maninashell,35926334,其实林夕在这首词中谈论一个问题，入世和出世，年轻时懵懂的觉得少走的路风景会更好，其实暗藏孤独和危险，经过出世的寂寞之后人们又像要抓住什么似的拼命入世，要不赶不上一起赶路的路人，最后林夕笔锋一转。用羊群比作那些一直低头赶路的路人，我们到底为何还要拼命的入世？林夕，奇才也,21577,2014-12-22 17:04:25,任我行
571,pidu,30575150,一直喊着要自由要自由，但真的给了你自由，你敢要吗？,14404,2015-01-02 08:35:15,任我行
572,不唱歌的阿正,51127353,每个人都会经过这个阶段，见到一座山，总想知道山后面是什么。我很想告诉他，可能翻过去你就会发觉没什么特别。回望之下，可能会觉得这边更好。,11802,2022-09-15 11:16:45,任我行
573,微凉不惊,3777844,第一次一个人去广西旅行。想买个MP3随路听歌。但那时自己的电脑上不了网下载不了iTunes，只能让店员随意拉些歌曲进入。旅途中，在骑自行车游漓江时，听到了这首歌，那时不知道歌名，不知道歌手，也还不怎么喜欢粤语歌，但当时立即喜欢上了这首歌！现在听，脑海里满满都是旅途的事！,8930,2014-12-29 11:41:53,任我行
574,帐号已注销,39785378,我问外婆是什么让你和外公一起快乐的生活这么久外婆说我们那时候什么东西坏掉只能修 而现在人们都想着换,7365,2015-09-13 23:41:04,任我行
575,瓦尜,40495718,想跟喜欢这首歌的做朋友,6911,2016-02-01 22:26:11,任我行
576,paul_laaam,385779,到了《任我行》里，林夕的这种感悟层次更多，感受也更加复杂。也许那种幸福和满足，对于大多数平凡 人而言已经很好很好。慧极必伤，情深不寿，知道得越多越痛苦，毕竟人的一生岁月有限，不是每一个人都可以承受这种痛苦。麻木的羊群固然可悲，可生活在麻木中浑然不觉的人却并不会觉得这是一种可悲。,5828,2015-01-29 16:34:37,任我行
577,他好像一条狗喔,45305356,这首和苦瓜，是我最喜欢的两首他的歌，很多人并非没有经历过人生百态，但却只有寥寥懂得经历后该怎么继续生活,4917,2014-12-25 15:11:39,任我行
578,国服第一瓜皮,132754090,一个人去图书馆，一个人回宿舍，每天如此。也许别人的大学生活过的远比我丰富多彩，但这是我选择的路。,4560,2016-02-27 18:34:51,任我行
579,臣大橙子,46009396,从何时你也学会不要离群,3933,2015-01-05 19:15:14,任我行
580,唐映枫,233456,11年，DUO在内地巡演期间，陈奕迅突然爆红，风头一时无两。也是由那年开始，陈奕迅的制作班底变得更为多元，作品更为成熟圆润，而少了最初让人执迷过的锋芒。俩伟文在这期间交出的词作，在表达上明显收敛，技巧性的笔法偏多。而这首《任我行》的出现，对我来说，或许是这几年里林夕带给我的唯一惊喜。,2247,2016-04-10 16:45:30,任我行
581,青稞丶-,593138276,Eason的歌 听歌排行[多多比耶]1任我行2今天只做一件事3苦瓜4白玫瑰5富士山下6葡萄成熟时7人来人往8最佳损友9渐渐10.187411夕阳无限好12一丝不挂13倾城14明年今日15K歌之王16浮夸17单车18岁月如歌19披风20淘汰21粤语残片22红玫瑰23爱情转移24孤独患者25Shall we talk26我们,1789,2020-03-30 09:20:42,任我行
582,倾城监狱,624419277,林夕大概想表达的是一个自以为很独特的少年，在成长的道路上逐渐明白自己也只不过是芸芸众生的一个平凡人。不同的人总有自己的见解吧，其实当我听到最后的副歌，真的很心酸，原来我也只是羊群中的一只，对于“大山”的未知而感到恐惧，对于“星尘”的璀璨而觉得刺眼，最终甘于做一只知啃草的绵羊。,1697,2019-08-07 01:58:46,任我行
583,paul_laaam,385779,《黑客帝国》里，面对墨菲斯给出的两颗药丸，肩负着拯救被机器所奴隶的大众重任的救世主Neo，勇敢的选择了揭开真相的红色药丸；可是，当你有一天发现自己不是救世主，却只是一只神仙鱼的时候呢？恐怕就只能追上满街的赶路人，好好的活在热带鱼的世界里快乐似神仙，把这附和大众的大同世界当成桃源也未,1611,2015-01-29 16:36:44,任我行
584,呜唔芜梧伍_,267324027,你看自由这个词，长得就像条条框框。,1606,2019-03-29 20:27:42,任我行
585,Adia的半亩花田,36222980,原来我们都逃不过曾经。还是喜欢粤语的词。若是面目全非，又何苦再见？我曾喜欢过你，倾心相待过，最后，我不是我，你也不是你了。人生终究不止一个剧本，上场剧目结束后，我们都只能谢幕。,37181,2014-10-24 18:04:07,不如不见
586,efhdg,79227332,评论里看到了三千多人的执念，还有另外三千多人的决绝。,22676,2016-02-27 18:03:17,不如不见
587,Hey_Christal,32754406,现在，我穿起当年毕业找工作时你给我买的衬衫，想起一样替我着急的你，我却自私的以为那段时间，只有奔波的我是难熬的，却忘了考研双双失利，而你承担了家里殷切的期望，然后还要参加国考，那段时间，其实你压力也蛮大，在我面前却装作若无其事。现在我已经不在你身边了，希望你幸福。[爱心],16793,2014-12-02 19:00:46,不如不见
588,乌拉拉卡箍,36196041,两年前我大一，我骑车去了西藏，到了布达拉宫，看了好美好美的西藏，看了好蓝好蓝的纳木错，只是为了，五年前，他在拉萨当兵，告诉我，这个地方好美好美。然后，去年我又去骑西藏，今年还会，明年还会，致我暗恋了七年的男生。我去了街头玛吉阿米，去了甜茶馆，去了你给我照片上的所有地方，,13726,2016-04-19 14:35:04,不如不见
589,NotTodayGod,19092277,那天刚下火车，下着小雨，我特意经过你住的城市，手机里的联系人第一个人就是你，我没有勇气打你的电话，却真的惶恐又期待你会在前面那街口突然出现，你那么善解人意，即使是没喜欢过我，对于曾经喜欢过你的人，肯定也愿意带我走一走这小城吧…   最后你没有在街口出现，我也没有留恋这小城。,11761,2014-12-27 18:28:33,不如不见
590,橘两半,2563563,相较国语版，粤语版更加悲凉，好久不见，见了却不如不见……成熟的表演，再也回不到中间隔着的十年前，也许只有埋在回忆中才能找到往日的笑脸……,9979,2014-09-29 09:44:18,不如不见
591,肾抖士,94067239,别去打扰那些已活在你记忆中的人，也许这才是足最适合你们的距离。,9831,2015-10-26 13:09:42,不如不见
592,Antonioooo,36438548,有时会想念一个久不联系的人，翻来覆去思量着终究还是放弃。时光变迁再无交集，已经找不到可以联系的理由。因为不确定对方是否也在想你，于是故作潇洒地说“相见不如怀念”。就像无能为力的时候总爱说着顺其自然。其实我们只是害怕：自己在对方心里，已没那么重要…有些爱，只能止于唇齿，掩于岁月。,8117,2015-07-12 09:19:25,不如不见
593,施施施6222,15963030,异地第一次见面后，我给你唱了好久不见，你告诉我那是一个悲伤的故事，只是我那时不懂，一朝失恋，听懂所有情歌，分开一年半，在同学群里看到你的消息，已有人叫你亲爱的。,6562,2015-02-08 09:20:15,不如不见
594,诗与落英,113262166,来自另一首歌的云友评论：总不能因为做了个旧梦就打电话给故人吧，总要放下,6236,2017-01-24 12:17:50,不如不见
595,二中兄,41403831,入秋第一次穿起了格子长袖。撑着格子伞，小心翼翼地走着，雨水还是溅湿了鞋面。,5477,2014-11-06 07:48:59,不如不见
596,你偷梗时好美,109147254,你说 十里桃花 两人一马 后来 谢了繁华 生死无话,4579,2016-04-04 09:15:56,不如不见
597,陪小熊Cubi看月亮,1317431345,何必把怀念弄得比经过都长,3838,2020-03-26 08:53:20,不如不见
598,-温故知心,289130594,村上春树说过：“如果一直想见谁，肯定迟早会见到。”但是他还说过：“所见之日乃是终止之时。” ​​​ ​​​​,3425,2019-06-29 10:55:46,不如不见
599,Odyssesu,388452117,我在十七岁的课间顺着走廊远远望去的人，不会再相见了。,1609,2021-03-06 00:03:49,不如不见
600,布瑞恩教授,49722859,史上最负能量歌曲，不过悲剧才是真艺术,45992,2015-01-29 11:26:06,完
601,阿南__,253368147,希望每个人死后尸体都能自动变成一本书，书的内容就是死者的生平。这样一来，有人成了名著，有人成了禁书，有人变成菜谱，有人变成地图，有人是美图秀秀使用手册，有人是小旅馆的登记簿……整个世界就是一个巨大的图书馆，我们读着别人，做着自己，等着被读。,38231,2016-07-14 23:07:45,完
602,有人用了我的名字,54104712,天生脊椎有缺陷，医生不敢保证我能活到成年，然而 我挺过来了，身体却还是出现了问题  终于理解了 人定胜天这句话的可笑。。。  尚有些仗全力亦打不上。。。。,33661,2015-12-24 21:29:56,完
603,castmoro,113470651,不知道你们玩不玩DOTA 贴吧上的一个癌症晚期的dota玩家在2015年的时候他说他想看到中国队在2016总决赛插上中国的国旗 「夺冠的队伍能插上自己国家的国旗」今年WINGS做到了 兄弟 你看到了么？,19071,2016-08-19 14:16:04,完
604,用户8845968,8845968,国语版的词也是尽力了,14467,2015-01-21 08:28:29,完
605,贰月贰什肆,290211321,想到妈妈去世的时候，躺在病床上，吸着呼吸机，毫无意识，亲手取下呼吸器，听着一旁的机器发出刺耳响声，眼前是妈妈安和平祥的样子，脑海里浮现着前一天晚上妈妈听到我叫她的时候，虚弱的冲我笑的样子。想哭又不敢，好像灵魂被撕裂一个的口子，我无能为力。妈妈去世快一百天了，我想她。,14052,2016-08-30 19:00:25,完
606,六宝六六顺,2845271,歌词已纳入我墓志铭的备选铭文内,10793,2015-03-20 17:14:48,完
607,阿怪她长的好帅,343379113,我一直觉得愿意跟另一个人分享自己的播放列表收藏的歌是一种很深的隐秘情谊 常用播放列表的音乐口味实在能披露太多东西了 你的性格 你的过往 你的暗处 你无法直陈的那些话 全都写在播放列表里 具有相似的音乐口味和具有相似的饮食口味 绝对可以成为衡量两个人是否可以久处不厌的重要标准,6121,2017-11-13 22:23:42,完
608,我要去西安,43065452,E神脍炙人口的歌众多，但私以为这首传唱度并不高的歌是他最好听的没有之一，分享给大家，但是不知道歌的立意能不能被接受,5758,2015-04-21 13:27:11,完
609,温情杀手,9132084,小时候看过一部动画片，每集结束时“the end”的配音是“演完了”。,5570,2015-02-10 06:19:18,完
610,宙北,110844045,谁能听出来   开头有个深深的叹息,4546,2015-12-16 16:57:48,完
611,-_--_--_-__-,380610552,我觉得最烂最烂的牌不是家里多么贫困，欠了多少多少钱。一副真正的烂牌，是父母带给你的悲观，自私，冷漠和自我弃厌等等。这种儿时的环境所造成的性格或者心理问题可能会阻碍一个人一辈子。有父母的爱，养成坚强乐观，正常的性格，就是一副最好的牌。,3651,2019-11-28 13:47:42,完
612,藏藏久久,61564335,这歌词每一句都能断章取义，脑补出1W字的大长篇虐文[流泪] 。,3598,2015-06-10 21:23:46,完
613,阿蒂斯安缇,48636929,我喜欢听这首看起来轻描淡写的歌曲。,3097,2015-02-10 20:55:52,完
614,帐号已注销,16984768,12年刚出的时间经常听，13年倒下那次以为自己要死了之后更是一直一直听着这首反复思考，虽然身体每况愈下但是却听的少了。那段时间签名变成了这首的一些句子和《富士山下》的“人活到几岁算短……”[大哭],3013,2015-03-01 23:07:33,完
615,毕加探索,38764299,曾看一个问题“既然人生总是痛苦，那么为什么还要繁衍后代，让他们继续这种痛苦？”回答言简意赅：为了生命中那些美好瞬间大抵生命的浓度便是：温度、冲动、温柔、得奖、升职、新婚、成为父母；用相机定格的瞬间，平凡的日子也可以成为游乐人间的理由，我们不用遗憾时光流逝，其实人生并非虚耗。,50301,2015-01-21 14:45:11,沙龙
616,Tracylee2,2878080,畢竟陳奕迅,23204,2014-10-04 06:27:17,沙龙
617,聋王,58243834,马上毕业了，我分别把四年来给他们拍的照片整理好了，等毕业那天，我会偷偷的考到他们的电脑上。不知不觉，我记录了别人的四年，却没人记录我的四年。,22715,2016-04-11 12:54:05,沙龙
618,Longlty-,280644213,愿所有喜欢陈奕迅的姑娘，最后都被一个你深爱的男人收留，允许你疯狂的追逐，疼爱你每一次远行，尽所能的，和你一起，去见那人。愿所有喜欢陈奕迅的男生，最后都有一个你深爱的女生，懂你所懂，爱你所爱，在你追逐梦想的道路上，为你呐喊助威，不离不弃。,18969,2016-05-27 13:48:53,沙龙
619,臣大橙子,46009396,这首歌也能听一辈子,13271,2015-01-05 19:31:50,沙龙
620,卡夫卡奥利奥,53243636,“现在听陈奕迅的人越来越多了”“为什么？”“因为当年听周杰伦唱歌的孩子都老了阿”,13041,2016-03-06 09:09:22,沙龙
621,Yausyu,136345464,记得广东那年的高考卷有人用了Eason的这首歌词拿了满分,9329,2016-02-20 09:09:50,沙龙
622,五福小姐Fishy,1101247,喜欢摄影这么多年，按下快门一刹那的意义，就是这首歌的歌词。,8546,2015-01-08 16:28:04,沙龙
623,满城红袖招,32697076,依旧黄伟文，妙心好词，人生岂是虚耗，珍惜时光吧,8152,2014-10-16 19:19:51,沙龙
624,我们不如这样,19450805,eason‘s life 演唱会曲目中最期待的粤语歌，男人四部曲之一，去年青岛你用你那谈不上低沉的嗓音让我眼红，听现场版沙龙我留着几行泪真的可以说是欣赏完的，这首歌穷尽一个男人的人生观，人生并非虚耗，只管追你爱好的理想哪怕是有人诟病的名利,4899,2015-03-08 16:16:43,沙龙
625,Rbaggio924,49232356,黄伟文的词，陈奕迅的声音，超级配,3038,2015-01-14 22:18:14,沙龙
626,Allen0610,100521262,前年带她去了大连的Eason演唱会，如今分开也一段时间了 得知Eason今年演唱会行程 甚至没过多思考直接买了两张五月二十一号的票 我觉得这事没人能够阻止我 虽然知道她现在过得不错 但也还决定给她打电话问她要不要一起去，即使回答否定 我也会带着两张票自己去郑州。,2654,2016-01-20 15:02:34,沙龙
627,取名就是麻烦lll,564371250,陈奕迅真是奇怪，听久了腻，久了不听又好听了,2522,2019-08-28 15:04:30,沙龙
628,岚煦,1233061,这次Eason演唱会上的新发现，太好听！,2443,2014-12-09 10:55:47,沙龙
629,Gk_7,1523014454,上一首，这一首，下一首,2121,2020-05-25 13:33:51,沙龙
630,经年後,47740713,献给所有努力却没有得到，却是凭空多了一段牵挂的人。有些人是生命里的羁绊，人来人往，记着就好。,42373,2015-03-13 09:58:11,人来人往 (Live)
631,石神328,64825354,一看评论。 都是情种。   一群表白失败的。   下次记住啊。 可以跟她比情侣还亲密。  感情浓时可以强吻。  但永远别表白。   只做别说。  表白太低级。  等于把决定权交给了对方。   ,36173,2016-09-12 11:17:46,人来人往 (Live)
632,七弦_R,31350351,想起本科毕业时送完其他同学自己是一个人走的 记得那天大包小包满头大汗赶到火车站时还有半小时就要发车了 还没开始检票 我就茫茫然地坐着 一边看着来往的人群一边听歌 突然耳机里转到Eason的人来人往 前奏刚一响起我的眼泪刷的就下来了 赶紧低头假装揉眼睛 ,16076,2015-02-18 00:33:58,人来人往 (Live)
633,forthe2015,79307696,这首歌我听了3049次[大笑]，汪汪,10795,2015-12-15 01:56:43,人来人往 (Live)
634,德云社驻网易云音乐办事处,3227883,男不听《人来人往》，女不听《钟无艳》。,7776,2014-10-14 22:54:11,人来人往 (Live)
635,Maninashell,35926334,林夕用了简简单单百字不到描写了一段暗恋 恋爱 失恋 再恋的过程，其中手这个字是描写每个阶段承上启下点睛之字，闭上眼睛你最挂念的是谁？睁开眼睛身边躺的又是谁？深爱一人痛苦至极，爱会让人卑微一点不假…,7600,2014-12-22 17:31:17,人来人往 (Live)
636,一杯小酒邀明月,1362786198,妈了个巴子人家广东人听的是音乐，我们听的是氛围,6876,2020-08-15 00:27:32,人来人往 (Live)
637,花洒iii,410301547,真好 青涩的校园爱情,4786,2018-02-04 08:13:31,人来人往 (Live)
638,派大星叫我打雪仗,377066149,一个女生，她和你牵手，和你热聊，让你真的以为你们快要成为恋人。当你和她认真的讲出你的心声，想要确定关系的时候却知道了她只是有点喜欢你，但还不至于成为恋人。你以为你们两情相悦，其实是你一往情深。,4711,2017-11-03 08:32:08,人来人往 (Live)
639,p-月亮邮递员-q,82104768,对不起没能变成你喜欢的样子,4668,2016-05-30 10:59:22,人来人往 (Live)
640,小爷狠酷,36647292,獻給所有備胎,4260,2014-10-11 19:50:42,人来人往 (Live)
641,饶饶饶尼玛,41662092,最爱的就是get a life这版现场。这首歌陪着我度过了最难过的那段日子。多谢你林夕。多谢你题了这么好的词给陈胖子。,3718,2015-01-05 21:25:22,人来人往 (Live)
642,马节操,107822183,我记得我在广州的时候，参加十大歌手，决赛我唱了这首歌，我得了第一名，当时是14年，今年是16年,3606,2016-11-11 03:23:52,人来人往 (Live)
643,希尔伯特丨,1328747896,表白不应该是失败的，应该是最后知道成功发起冲锋的号角。,3123,2018-12-21 08:54:50,人来人往 (Live)
644,alter-ego,8864995,个人感觉林夕巅峰作,2723,2015-05-20 01:10:16,人来人往 (Live)
645,青稞子,16018994,林夕把“得不到“三个字换了几百种说法,59546,2014-11-17 11:09:52,失忆蝴蝶
646,淡淡0827,41207187,你算什么？不过也是无聊时记起，忙时忘记罢了！,35926,2014-11-30 08:20:15,失忆蝴蝶
647,我就是来听音乐的,32957482,林夕说他把最好、最真的东西送给杨千嬅了，我觉得他最好的东西都在陈奕迅那里。,21631,2014-10-12 10:41:11,失忆蝴蝶
648,林诗人,8915323,蜻蜓路过后 蝴蝶就失忆,16331,2015-04-03 17:01:16,失忆蝴蝶
649,赤劇永恆我演笨賊,103461942,你不愿意种花，你说，我不愿看见它一点点凋落。是的，为了避免结束，你避免了一切开始。—— 顾城,15552,2015-12-25 10:29:52,失忆蝴蝶
650,missasssss,78234410,最开心的是你喜欢的人恰好喜欢你，最难过的大概是但你知道他没有那么喜欢你，而你却不能停止喜欢他。,14431,2016-01-15 16:01:25,失忆蝴蝶
651,锌铌金铅,58235655,高三初听，五雷轰顶；大一再听，失魂落魄；如今呀，云淡风轻,13019,2015-12-23 16:45:16,失忆蝴蝶
652,帐号已注销,133502511,“让大家只差半步成诗”这句实在太美。,12832,2016-08-03 15:18:57,失忆蝴蝶
653,_念无与为乐者_,59459358,花褪残红青杏小。燕子飞时，绿水人家绕。枝上柳绵吹又少。天涯何处无芳草。 墙里秋千墙外道。墙外行人，墙里佳人笑。笑渐不闻声渐悄。多情却被无情恼。  《蝶恋花》——苏轼,9249,2015-07-21 23:51:33,失忆蝴蝶
654,TwinkleTwinkleLittleStars,291195761,支付宝里面有只小鸡，每次它过来偷吃我家饲料我都不舍得赶走它，因为这是我和你唯一的联系了，甚至希望它待久一点，就像你。,6795,2017-11-29 08:04:31,失忆蝴蝶
655,Yoka_S,995953,从未在一起亦无从离弃，不用沦为伴侣，别寻是惹非。杨千嬅 陈奕迅两个人关系，这首歌全部都写出来了，林夕好厉害！昨天在杨千嬅的演唱会上，陈奕迅也说出了这首歌。这样遗憾或者更完美。,6059,2015-01-26 02:51:46,失忆蝴蝶
656,街仔路,116449041,这首歌给自己听是解药，给喜欢的人听是毒药。,5289,2016-02-29 23:48:33,失忆蝴蝶
657,逻辑与精神,1513892497,歌词也很像现在的中美关系啊,4597,2020-03-31 19:51:50,失忆蝴蝶
658,冷在晴天_,7032602,路过蜻蜓，便宜生命，从不笑纳，无凭扫兴；失忆蝴蝶，聚散无时，差步成诗，言尽于此。唯有这人生，只恨行踪游离，却怕始乱终弃。于是这人生，但求短暂欢喜，忍受漫长孤寂。,3858,2015-11-25 01:28:25,失忆蝴蝶
659,林千弋LilXie,3243967177,《小王子》里面有这么一段话：“要想别人制造羁绊就要承担掉眼泪的风险。”我们不怕掉眼泪，但是要值得,3754,2022-08-29 22:55:36,失忆蝴蝶
660,西瓜你是夏天吗,39957899,国语的好听，粤语的简直炸了。,3034,2015-06-01 00:03:01,爱是一本书
661,一定不熬夜,473424100,日推第一的我们做朋友吧,2568,2017-10-06 12:26:45,爱是一本书
662,哈哈她是一只猫,439699212,粤语歌名《心深伤透》顶上去让其他朋友看到[小鸡],2327,2018-01-01 15:29:30,爱是一本书
663,山边-w,1774254107,真的想不到陈奕迅还有这种甜甜的歌,1210,2020-04-15 10:31:22,爱是一本书
664,理想周寻,1610396432,有种半岛铁盒和陶喆曲的结合，很R&B，爱这本书，一起读就会幸福。,928,2022-10-15 13:00:12,爱是一本书
665,mightyJOHN,1570723247,我用我朋友呼噜声听个识曲识别出来的，绝了,822,2020-09-09 19:23:15,爱是一本书
666,Ven冰泫,18955747,副歌部分很好听，为什么评论这么少？,502,2015-11-08 00:52:18,爱是一本书
667,一个姓陈的男子,93811083,陈奕迅这个宝藏胖子，歌永远听不完,452,2018-12-04 22:31:39,爱是一本书
668,肯定不会找到我吧,347175458,爱是一本永远读不玩的书，难的要命,423,2017-10-04 10:43:45,爱是一本书
669,默默v默,598040637,“人生是一本书，封面是父母给的，内容是自己写的，厚度由本人决定，精彩程度可以自己创造。”,360,2019-12-14 23:08:48,爱是一本书
670,辛稼轩的词,453167261,应该怎么爱 可惜书里从未记载,318,2020-02-29 00:11:33,爱是一本书
671,闲该忘了,552813395,不要急 ，你先去读你的书 ，我也去看我的电影 ，总有一天 ，我们会窝在一起 ，读一本书， 看同一部电影。,305,2019-10-04 23:31:46,爱是一本书
672,凉了时光老了少年,254392967,日推第一，下去吃个饭，我希望回来能有十个赞。,255,2018-04-11 13:16:47,爱是一本书
673,面右,581254710,怎么有点周杰伦的意思,243,2019-08-24 15:51:21,爱是一本书
674,周芙_,1689425051,谈爱情的人类 总是要掉眼泪,240,2023-02-02 22:22:10,爱是一本书
675,一首岸的诗,1999687,这首《无人之境》，可以送给情妇，亦可以送给躲在学校厕所偷偷抽的烟仔，送给藏在宿舍衣柜里的威士忌，送给半夜埋头被窝里偷偷打的电话，送给开假条溜出校下馆子时的笑脸…无论送给哪一个，不变的不过是那种快感同痛感，有的事情，只能在不对的时间去做，哪有那么多谁对谁错呢？,30159,2015-03-25 19:11:35,无人之境
676,安东尼和他的Ak47,110525902,第一次评论 喜欢这首歌的人多半有故事 可这故事不能说,19015,2016-05-16 11:06:05,无人之境
677,_海绵大,12194792,其实这首歌最悲伤的一句歌词是，多么想跟你散步桥上把臂看着风景，但是我清醒。是的我又再单曲循环这首歌，真是听到吐了[大哭][大哭][大哭]只是因为 这爱情无人性。有时候我也想，无人性的并不是爱情，而是人，是人让爱情无人性的，不是爱情，爱情是很美好的，不关爱情什么事,11773,2015-02-07 16:27:49,无人之境
678,大冬瓜怪,62810193,好羡慕南昌现场那个歌迷，所有人喊医生脱衣服的时候，她一直喊的是无人之境这首歌，最后安可反场的时候，他真的唱了这首歌，这首歌是不在安可歌单里的，唱完他说谢谢你喜欢这首歌[爱心]路转粉，现场无敌赞,9271,2016-07-10 00:57:50,无人之境
679,过往繁华,46536078,在KTV唱这首，舍友嘲讽：你连轨都没上还想出轨[撇嘴],7491,2015-04-11 19:08:52,无人之境
680,苏荔珂,34572805,我也喜欢这罪名，倘若罪名是太易动情。,6179,2014-12-27 23:01:43,无人之境
681,帐号已注销,78545562,说片面是熬夜 说实在是失眠 说实话是想你,5791,2015-12-15 22:40:55,无人之境
682,围围围,77339894,生命中遇到的每个人的出场顺序真的很重要，倘若换一换，结局就会不同。,5760,2015-07-30 09:47:38,无人之境
683,我只想和你一起拉shi,112631227,我有老婆的，但我也有欣赏的女人，的确婚后很多事都变味了，但这并不能成为出轨的理由，婚后五年，我没碰过其他女人，你说那女的这么漂亮不引起心动吗，心动啊，但请不要忘了当初选择老婆的时候，是要带她飞，一起经历更好的生活。一首这么好听的歌别把它当做出轨的战歌，醒醒各位！,3834,2018-09-01 11:28:45,无人之境
684,Mavies_,106624986,听这首歌的时候，想到的是结婚那个不一定是你最爱的那个，清醒时是责任，梦回深处时才是最爱。,3569,2016-03-06 23:52:01,无人之境
685,青山小乐迷_,85618553,感情不分三六九等，却有先来后到。不是不爱，而是不敢打破现状。,3250,2016-03-11 21:35:38,无人之境
686,Dsil_,124338052,反反复复的恩怨 与生具有的纠缠 而注定无法割离又始终不能在一起的人  出现的意义完全是来教我们领略风光 然后再瞧不上之后的所有人吧,3085,2019-06-22 00:07:10,无人之境
687,芒果味儿的空调,270336887,这是出轨之歌 是同性恋之歌 是带着禁忌的乱伦感受 是偷尝禁果的少年少女背着父母的心声 是所有求而未得的恋人的歌。黄伟文把这种求不得写得太好了。毕竟翻译成大白话就是：我特么控制不住自己啊就是想跟你在一起啊总是辛苦隐瞒太惨了虽然我知道我们没未来但还说什么呢！别废话了！来！做！吧！,2496,2016-11-28 09:27:32,无人之境
688,王小次郎,107875455,能成为密友大概总带着爱,2364,2016-01-08 23:44:39,无人之境
689,cantonese1874,34280959,从来就没想过 这么一首歌还能听的我双眼发红 Wyman的歌词太毒 都不敢想歌词竟然写的是这样的故事 歌中的两个人 应该现在过的蛮好吧 我也是 喜欢这样偷偷摸摸的感觉 不敢有风 不敢有声 还想跟你浪漫到一起惹绝症 越是这样的感觉 我去越乐在其中…,2346,2015-01-21 00:22:32,无人之境
690,DweiMo,53727409,以前爷爷最讨厌我听和唱这首歌，我还故意唱大声。 5年前他去世了，我到现在都没唱过，只戴耳机听，怕爷爷不高兴。,48978,2015-10-27 06:54:20,夕阳无限好
691,请你记得喊安可,62666862,还记得梅艳芳在演唱会上给大家介绍eason，这是我小弟，他真的很努力唱歌，请大家支持他。,22713,2015-06-11 13:42:21,夕阳无限好
692,-jie-,39870515,杨千嬅当时在台下哭了…,22275,2015-04-20 19:45:56,夕阳无限好
693,东阳大学士,10308561,爱侣爱到一个地步便另觅安慰，枉当初苦苦送礼，最艳的花卉，最后化烂泥。,14284,2014-11-08 11:17:05,夕阳无限好
694,Devorit,44529842,《夕阳无限好》：陈奕迅粤语歌曲。《U87》里最让人断肠的歌曲，当属这首缅怀梅艳芳的主打歌《夕阳无限好》。即便是背负了伤感愁人的忧思，林夕仍在歌曲内，末了鼓励听者：“好风景多的是 夕阳平常事 然而每天眼见的 永远不相似”。这个世界有许多不满与美满，心想不同，眼见亦不同。,9561,2015-02-01 21:22:37,夕阳无限好
695,ayayayayaycantaba,64190575,当时记者问陈奕迅这首歌是不是送给梅艳芳的，陈奕迅反问一句“香港经典的歌后不是梅艳芳还有谁？”,9151,2015-07-23 00:05:34,夕阳无限好
696,张高高高高兴儿,30211048,送给梅艳芳的歌，送给姚贝娜。[爱心],6305,2015-01-16 21:50:00,夕阳无限好
697,YEM7C,65067081,演唱会时Eason说快吻身边人，然后顿时就[亲亲][亲亲][亲亲][亲亲][亲亲][亲亲][狗][亲亲][亲亲][亲亲][亲亲][亲亲][亲亲],4763,2015-08-17 15:34:10,夕阳无限好
698,Butbutbutme,41054869,多经典歌后，一霎眼已走,4509,2014-12-28 14:43:16,夕阳无限好
699,隆隆来听歌,35313993,在梅艳芳生平最后一次唱起《夕阳之歌》的时候，她告诉歌迷：“夕阳无限好，只是近黄昏，大家一定要珍惜眼前人。”于是在她去世后，林夕和郭伟亮共同创作了这首《夕阳无限好》，并交由陈奕迅演唱,3736,2015-07-17 12:54:15,夕阳无限好
700,蝉声跑在前面凤凰花落在后面,36563270,好风景多的是 夕阳平常事，然而每天眼见的 永远不相似。,2909,2014-11-17 20:45:37,夕阳无限好
701,人逝房空,625316610,每秒每晚仿似大盗 偷走的青春 一天天变老 只可追忆到 想追追不到 麦当劳汉堡 好好好 麦当劳薯条 条条条 麦当劳奶昔 奶奶奶奶奶奶奶 麦当劳雪糕 gogogogogo 麦当劳叔叔 叔叔叔叔叔叔 麦当劳沙律 i'm loving it Ba Da Ba Ba Ba 麦当劳道点解冇麦当劳 真系Fantastic… i'm loving it Ba Da Ba Ba Ba 麦当,2507,2021-07-14 19:57:17,夕阳无限好
702,用户2889525,2889525,够听到六十岁,2464,2014-12-20 17:00:33,夕阳无限好
703,热心珠海市民,285987291,麦当劳汉堡，麦当劳薯条,2240,2022-05-15 11:34:01,夕阳无限好
704,苏荔珂,34572805,夕阳无限好。想起夕阳之歌，不知是否暗写梅姑。多经典的歌后 一霎眼已走。这歌也许就是一种变。斜阳渐远的纪念。,2075,2014-12-10 14:38:05,夕阳无限好
705,盛夏的tumbler,12620838,那年冬天不太冷，她走在天桥上，小嗓子一颤一颤的说，估计又是一个人过圣诞节了呢，每年都是自己唱“Merry Xmas”我没说话，后悔没说话。,21756,2014-10-17 18:28:11,圣诞结
706,深支子,37279004,高中和同学一起听这歌的时候，她问我为什么是“农历农历Christmas～”[大哭],17669,2014-12-14 14:55:16,圣诞结
707,德欧比伊,41641801,终于我唱得很完美，你却永远不会再听我唱。,11355,2014-11-08 03:20:15,圣诞结
708,feisn,39833477,又快到年底，又听了一年的圣诞结…,6552,2014-10-19 22:25:58,圣诞结
709,柳奕舒,38815613,"自大一起，每年圣诞情景依旧历历在目。她曾说自从在公交车上听完我跟她说的“圣诞快乐”之后，开始喜欢上我。于是现在，毕业快三年，我想再跟你说一次“Merry Christmas”,那你能再喜欢我一次么？",5326,2014-12-22 23:00:43,圣诞结
710,微笑的鱼a,55513824,有人说：二十年的太子，一天的皇上，十个月的奴才，一辈子的提款机，这就是男人的一生；可有人又说：二十年的公主，一天的皇后，十个月的宠妃，一辈子的保姆，这就是女人的一生。我觉得，应该是：二十年的追寻，一天的仪式，十个月的呵护，换来一辈子的相濡以沫。,3493,2015-07-06 14:53:25,圣诞结
711,帐号已注销,44247178,第一次听这首歌的时候是08年平安夜 那段时间刚好分手 朋友聚会 不知道谁点的 唱的我一个人在旁边抹泪 从此就爱上了这首歌 每年圣诞节都是一个人过 直到现在 果真是圣诞结,3203,2014-11-25 20:54:21,圣诞结
712,彼时年少爱轻狂,110208803,2012年12月23日，我说我去陪你过平安夜吧，你说好呀，你以为这是一个玩笑。第二天我坐火车出现在你学校门口。我带你去溜冰，你说你害怕，我拉着你的手一步一步教你。我们一起逛公园，一起去你上课的教室。我每次叫你小傻瓜你都生气。小傻瓜，这是我最后一次这么叫你了。我明年就要结婚了，新娘不是你。,3039,2016-04-19 15:23:34,圣诞结
713,二手尾蛋,33914421,那年冬天不太冷，她走在天桥上，小嗓子一颤一颤的说，估计又是一个人过圣诞节了呢，每年都是自己唱“Merry Xmas”我没说话，后悔没说话。,2548,2014-09-22 23:15:47,圣诞结
714,长安地下铁,342248782,什么时候也能在云听周董的歌就好咯。,2538,2021-12-04 18:08:17,圣诞结
715,帐号已注销,49662581,在南昌万达 穿了两天圣诞老人的衣服 做兼职  发糖 看到人就打招呼笑笑  很多小孩女生和我们合照  看到很多人的笑容  传播了一点点圣诞的节日快乐  这是我的圣诞结,2341,2015-12-27 19:12:07,圣诞结
716,这是聪别,1484062362,快圣诞了 卖圣诞帽 红的十块 绿的免费,2141,2021-11-21 09:04:06,圣诞结
717,开心也绵绵,611321140,唱圣诞结的陈奕迅有了幸福的家庭 唱够钟的周柏豪也已经娇妻在怀，唱独家记忆的陈小春也有了应采儿。其实，只是听歌的人在伤心。只是想说，一样在听歌的你，不要太晚睡了，伤怀难免伤身，她不爱你，你要爱自己。,2130,2021-11-08 23:24:15,圣诞结
718,WhinteInk,40927165,还有364天就要到圣诞节了，回想起上一次过圣诞节，仿佛就在昨天一样。,1972,2015-12-26 23:27:26,圣诞结
719,一别与两宽,246648092,如果有超过100个人赞我，我就在圣诞节向你告白！无论失败与否，不求遗憾！,1563,2016-12-24 10:45:30,圣诞结
720,关崇威,1750237,斯德哥尔摩综合征，斯德哥尔摩效应，又称斯德哥尔摩症候群或者称为人质情结或人质综合征，是指犯罪的被害者对于犯罪者产生情感，甚至反过来帮助犯罪者的一种情结。这个情感造成被害人对加害人产生好感、依赖心、甚至协助加害人。,70042,2014-10-26 08:00:29,斯德哥尔摩情人
721,紫霞欠你很多钱,34895977,“我对你根本没抱幻想。我知道你愚蠢，轻佻，头脑空虚，然而我爱你。我知道你的企图、你的理想，你的势利，庸俗，然而我爱你。我知道你是个二流货色，然而我爱你。 有时候爱一个人，最糟糕的处境是，我没有爱上你尽力呈现的美好面貌，而是爱上了你浑浊不堪的内心。”毛姆《面纱》,58047,2016-05-20 08:41:48,斯德哥尔摩情人
722,帐号已注销,36987303,张国荣来唱也是绝配。,40479,2014-11-10 16:34:17,斯德哥尔摩情人
723,herbstlt,29452093,你喜欢的变态已上线,27879,2015-01-06 14:07:35,斯德哥尔摩情人
724,摸鱼办花崽,36507201,真是将大天蝎爱上一个人时候的抖M气质注释的淋漓尽致。。。,21546,2014-12-13 14:10:29,斯德哥尔摩情人
725,1874-summer,36705364,想和你谈的恋爱是那种坏人和坏人之间的。是两个薄情寡义心怀鬼胎悲观主义者之间的，是两个千帆过尽金戈铁马浪子之间的。我想和你互相看尽对方的底牌，了解彼此的阴暗，然后我们依然相爱。,18345,2016-02-17 15:55:24,斯德哥尔摩情人
726,Sylviaaaa_W,44153666,超喜欢这种淡淡的变态味道...,16908,2014-12-09 13:22:57,斯德哥尔摩情人
727,Jeannnnnnnnne,39072852,林夕的词总是……一针见血[惊恐],11931,2014-11-26 20:15:49,斯德哥尔摩情人
728,用户41495513,41495513,人是可以被驯养的——斯德哥尔摩综合征。,11849,2015-12-12 09:39:21,斯德哥尔摩情人
729,山的那边是幸福,41746031,千万不要点开MV,7033,2015-02-09 22:37:42,斯德哥尔摩情人
730,是Cristina,307336772,反斯德哥尔摩综合症第一人何妍,6403,2020-02-26 23:40:46,斯德哥尔摩情人
731,什么月亮咧,40132145,林夕真是把这种心理写的淋漓尽致！,5516,2015-01-03 15:18:40,斯德哥尔摩情人
732,G--扇子,323978809,可惜你注销了，而他也不在了,4935,2019-01-10 18:27:48,斯德哥尔摩情人
733,野许同学,503523149,初中时候陈奕迅是我偶像，当时我每本课本都写满了“陈奕迅”的名字，有一次我爸翻了我的那些课本，然后眼角闪着泪光，语气深沉的对我说：孩子啊，如果是跟学习有关的书，爸爸给你买，不用每本都跟陈奕迅借。。。,4709,2017-12-03 16:03:19,斯德哥尔摩情人
734,倒立的惊叹号,131535520,军训快结束了，出来了一批患这个症的人,4202,2019-09-09 21:22:36,斯德哥尔摩情人
735,moon0123456,47765975,单身最后一天，听起这首歌，以后的日子都要两个人一起度过，祝我幸福,11615,2015-12-18 01:39:30,"与我常在 (Live In Hong Kong, 2013)"
736,不开心贩卖机-,55090467,衷心多谢每一位观众，工作人员，所有嘅喇叭，机器，电线，多谢你哋，无咗你哋一样嘢都唔得，多谢晒！,7070,2015-11-08 10:52:16,"与我常在 (Live In Hong Kong, 2013)"
737,疑禽別念,325914189,后天飞往La的机票，要和男友注册结婚了。好多人期待，我却很不安，我会幸福吗。我是个Gay，希望大家都别停止相爱。,6608,2017-03-14 03:11:46,"与我常在 (Live In Hong Kong, 2013)"
738,ixxx1-,1393258037,喜樂有分享 共度日月長,2381,2020-07-26 12:42:03,"与我常在 (Live In Hong Kong, 2013)"
739,睇起来像诗人,18244427,夕爷：胖子你改我词 打你哦[呲牙],2107,2015-02-01 21:43:54,"与我常在 (Live In Hong Kong, 2013)"
740,想念的是当时的微笑,102255450,听beyond让我爱上了粤语歌，听eason让我唯一想学的一门语言就是粤语。,1596,2015-11-24 21:40:11,"与我常在 (Live In Hong Kong, 2013)"
741,性格糟糕的我,48653958,与我常在，我一直听live,1328,2015-04-16 22:51:09,"与我常在 (Live In Hong Kong, 2013)"
742,Lindayawyn,323452990,《春光乍泄》何宝容对黎耀辉说过：“如果你觉得好闷 我们不如分开一段时间 之后再重新来过”   你觉得如何,1266,2018-12-26 17:23:28,"与我常在 (Live In Hong Kong, 2013)"
743,梵高是战士,565298548,林夕的这首歌并不是说的天荒地老的爱情，而是悲观地指出一个道理：除非你是我，才可与我常在。本来无论是谁，都不可能长久陪伴的。人本身并不美好。可是爱是包容和理解，是爱美好与丑恶，是爱卑微与高尚，是爱光与暗，白与黑，美与丑，是爱肮脏与贫穷，是爱富有和高傲。这时候才能说，与我常在。,1135,2022-01-15 13:58:49,"与我常在 (Live In Hong Kong, 2013)"
744,Demand杨,533304986,想当初奕迅四十一岁生日的时候单曲循环，哭得停不下来。我怕他变老，我怕不能去参加他的演唱会，我怕以后长大了变老了没有奕迅在的日子。,1107,2017-07-05 04:05:38,"与我常在 (Live In Hong Kong, 2013)"
745,小sexyboy,74385612,改成了“一班人，在红馆里面嗳生晒～”普通话就是“一群人，在演唱会里面喊得很大声～”全是医生跟歌迷的互动吧～,934,2015-06-27 17:13:00,"与我常在 (Live In Hong Kong, 2013)"
746,收到花更浪漫,1773489243,现在是2021.11.21 还有人听这首歌嘛,887,2021-11-21 13:49:30,"与我常在 (Live In Hong Kong, 2013)"
747,舌忝不动了宝,620153047,能不能遇到一个也同样深爱陈奕迅的女孩子,721,2020-06-23 21:05:43,"与我常在 (Live In Hong Kong, 2013)"
748,kkkatherine-,1706057915,所有的无话不说都有时效性，热情会衰竭，默契会裂，一段长久关系像碎石滚下山头。是否如《夕阳无限好》里那一句。“爱侣爱到一个地步 便另寻安慰”。在某一天，我删除了这句做很久的个签，我明白了。原来，同偕到老不靠运气。爱，原来只有当你看透他之后依然选择他，才能够说。,705,2019-06-13 11:48:56,"与我常在 (Live In Hong Kong, 2013)"
749,天都帮你躲,544910941,什么时候才能遇到和我一样喜欢陈奕迅的女孩子啊,577,2020-02-22 20:41:41,"与我常在 (Live In Hong Kong, 2013)"
