word,counts
女孩,1
男子,1
吸引,1
时候,1
小学,1
首歌,1
鼓励,1
老师,1
在校,1
冲开,1
报答,1
问苍天,1
表达,1
东西,1
看到,1
男孩子,1
文案,1
男生,1
班级,1
惊呆,1
成为,1
无趣,1
没理,1
看家,1
演唱会,1
起来,1
日子,1
同学,1
考上,1
复读,1
前女友,1
看见,1
时候,1
设定,1
痴情,1
无限,1
单身,1
情歌,1
大家,1
前男友,1
自行车,1
电动车,1
纪念日,1
背影,1
雷动,1
词汇,1
牛仔裤,1
看到,1
拮据,1
计划,1
可能,1
首歌,1
大哭,1
流行,1
理解,1
生活,1
青春,1
肯定,1
得到,1
歌手,1
偶像,1
知道,1
走位,1
见识,1
女人,1
有钱,1
回来,1
自卑,1
入学,1
锻炼,1
舍友,1
告白,1
不成,1
皮肤,1
古铜色,1
辩论赛,1
适合,1
赢得,1
打牌,1
音乐,1
收藏,1
收费,1
种酸,1
说话,1
蛤蟆,1
首歌,1
结婚,1
店里,1
稀饭,1
妈妈,1
妈妈,1
没有,1
全世界,1
试试,1
知道,1
室友,1
百度,1
音乐,1
身高,1
开始,1
专辑,1
大学,1
嫉妒,1
后妈,1
时候,1
听到,1
撇嘴,1
斗鱼,1
应为,1
开始,1
杠姐,1
音乐,1
挣钱,1
身份证,1
乌鸦,1
阴霾,1
童话,1
梦幻,1
约定,1
结局,1
流到,1
着许,1
看看,1
结局,1
译来,1
猎人,1
亲生,1
亲爸,1
有没有,1
镜子,1
美丽,1
手机,1
看过,1
心酸,1
爸妈,1
知道,1
开始,1
歌曲,1
年度,1
爸妈,1
总骗,1
还有,1
回家,1
照片,1
拍拍,1
孩子,1
人家,1
文盲,1
皮带,1
看到,1
时候,1
病症,1
间歇,1
婚姻,1
表达,1
煽情,1
觉得,1
青菜,1
喝水,1
不吃,1
见识,1
爸妈,1
体验,1
不能,1
生病,1
丢下,1
相聚,1
妈妈,1
吵架,1
看看,1
打转,1
大家,1
泪点,1
歌词,1
手机,1
画面,1
国产,1
耳机,1
放学,1
联系,1
同学,1
大学,1
评论,1
喜欢,1
听到,1
音乐,1
推荐,1
帮助,1
首歌,1
部分,1
自认,1
首歌,1
集中,1
同学,1
整整,1
循环,1
广播,1
来到,1
教室,1
网络,1
发达,1
时代,1
老人与海,1
时候,1
讨厌,1
还有,1
老人与海,1
话语,1
充斥,1
首歌,1
时候,1
操场,1
影响,1
生活,1
讨厌,1
耳机,1
袖子,1
校服,1
大哭,1
睡觉,1
逛街,1
知道,1
辨识,1
绯闻,1
声音,1
演唱会,1
喜欢,1
我会,1
研究生,1
泪水,1
回头,1
首歌,1
室友,1
宿舍,1
立马,1
下班,1
眼睛,1
同学,1
不知,1
首歌,1
希望,1
陌生人,1
单数,1
日子,1
心碎,1
喜欢,1
听的歌,1
评论,1
看到,1
只能,1
唱歌,1
看越,1
旧人,1
无情,1
备胎,1
备到,1
记得,1
显得,1
错过,1
老婆,1
愿望,1
出生,1
说话,1
联系,1
总会,1
评论,1
版权,1
可能,1
走到,1
看能,1
掌握,1
冷漠,1
主动权,1
记得,1
喝酒,1
结局,1
大哭,1
可能,1
兄弟,1
暖气,1
首歌,1
地点,1
无情,1
听歌,1
起来,1
教堂,1
医院,1
见证,1
来得及,1
首歌,1
天黑,1
首歌,1
知道,1
故事,1
外婆,1
支歌,1
写出,1
时候,1
发现,1
翻墙,1
唱作,1
走心,1
时候,1
没有,1
散步,1
天空,1
文字,1
时光,1
没有,1
表达,1
胖子,1
大家,1
声音,1
侵权行为,1
原唱,1
喜欢,1
山南,1
流行,1
北京,1
故事,1
男孩子,1
耳机线,1
氧气管,1
疾苦,1
人间,1
草东,1
飞车,1
霓虹,1
觉得,1
接吻,1
晚风,1
橙色,1
配绿,1
灰色,1
时候,1
解释,1
接吻,1
生活,1
爷爷,1
意思,1
飞车,1
谈恋爱,1
落日,1
状态,1
坠落,1
主观,1
坠落,1
太阳,1
发愁,1
失格,1
妹妹,1
哥哥,1
赞完,1
考试,1
编曲,1
还有,1
朋克,1
转圈圈,1
玩儿,1
围着,1
食人鱼,1
河里,1
培育出,1
首歌,1
时候,1
绝望,1
希望,1
采花,1
个人,1
知道,1
形容词,1
形容,1
说明,1
开心,1
首歌,1
坐在,1
电动车,1
后座,1
妈妈,1
起来,1
伤心,1
月份,1
开始,1
开票,1
感觉,1
首歌,1
希望,1
采花,1
开车,1
带你去,1
喜欢,1
可爱,1
没有,1
选手,1
特色,1
没有,1
前行,1
人会,1
歌手,1
带来,1
才子,1
大哭,1
配不上,1
觉得,1
标签,1
声音,1
冠上,1
没有,1
看起来,1
淡定,1
转念,1
没有,1
女朋友,1
编曲,1
介绍,1
大哭,1
网易,1
网友,1
审美,1
能算,1
歌手,1
叫唤,1
警察,1
类型,1
音乐,1
日落,1
开始,1
大道,1
找到,1
生活,1
没有,1
深意,1
爱好者,1
改编,1
评论,1
看到,1
驾校,1
禁止,1
播放,1
问题,1
性别,1
惩罚,1
分开,1
记得,1
耳语,1
风景,1
世俗,1
女孩,1
样子,1
光年,1
歌手,1
迎合,1
文化,1
正行,1
喜欢,1
女生,1
瓶颈,1
光年,1
编曲,1
规则,1
放纵,1
放弃,1
全曲,1
开头,1
痛仰,1
首歌,1
评论,1
西安,1
高考,1
武汉,1
词曲,1
包揽,1
稻草,1
可惜,1
前奏,1
刺猬,1
音乐,1
停止,1
输液管,1
耳机线,1
评论,1
火鸡,1
首歌,1
响起,1
稻草,1
花儿,1
踢翻,1
垃圾桶,1
看到,1
朋友,1
妹子,1
大哭,1
循环,1
蹦出,1
开始,1
妈妈,1
变成,1
保护,1
钟情,1
知己,1
爱人,1
未有,1
我会,1
情感,1
肝胆,1
姑娘,1
毫无,1
没法,1
姻缘,1
可哭,1
电影,1
插曲,1
港岛,1
哀伤,1
所有人,1
大学,1
喜欢,1
人们,1
小朋友,1
出错,1
放心,1
飞女,1
正传,1
烈女,1
喜欢,1
作家,1
想想,1
不配,1
痴情,1
感情,1
扮演,1
条线,1
醉酒,1
确定,1
首歌,1
起来,1
世界,1
见识,1
纠结,1
狠话,1
有关,1
分手时,1
付出,1
结果,1
浪费,1
前任,1
交新,1
忘不掉,1
翻唱,1
刷到,1
回头,1
不会,1
放弃,1
怀念,1
小朋友,1
问题,1
不能,1
不想,1
音乐,1
乐队,1
追梦,1
香港,1
聲音,1
樂壇,1
喜欢,1
不止,1
力量,1
勇气,1
首歌,1
知道,1
冒险,1
唱到,1
征讨,1
希望,1
語言,1
廣州,1
首歌,1
现场,1
喜欢,1
水平,1
男声,1
广东,1
香港,1
乐队,1
香港,1
沒有,1
無助,1
流出,1
找到,1
首歌,1
关心,1
音乐,1
遇到,1
美学,1
作为,1
学长,1
森林,1
云朵,1
海湾,1
愿意,1
好听,1
起来,1
带走,1
海湾,1
喧嚣,1
首歌,1
应该,1
四季歌,1
知道,1
听到,1
点击,1
说起,1
想到,1
想起,1
可能,1
位置,1
首歌,1
西安,1
现场,1
郑州,1
池塘,1
退后,1
发现,1
说话,1
偷听,1
世界,1
黑发,1
染白,1
熟睡,1
可写,1
看着,1
苏州,1
现场,1
西西里,1
美丽,1
记得,1
谈恋爱,1
有点,1
底线,1
准备,1
朋友,1
结婚,1
赘肉,1
熟睡,1
腰间,1
首歌,1
时候,1
音乐,1
不火,1
包括,1
再见,1
不想,1
打扰,1
不火,1
赘肉,1
现场,1
腰间,1
男生,1
希望,1
现场,1
感动,1
背景,1
舞台,1
光照,1
觉得,1
满满,1
活力,1
音乐,1
精选,1
版权,1
微笑,1
直击,1
名字,1
小孩子,1
套餐,1
勇者,1
适合,1
偶像剧,1
需要,1
提提神,1
演唱会,1
回馈,1
音乐,1
前奏,1
听到,1
差点,1
流星花园,1
甜心,1
嫁衣,1
不能,1
原唱,1
公司,1
海报,1
脚步,1
老婆,1
音质,1
粉丝,1
版权,1
女朋友,1
找到,1
可爱,1
勾起,1
迷离,1
眼神,1
上课,1
傻瓜,1
还有,1
萱是,1
毛病,1
没有,1
时期,1
脏话,1
起来,1
录制,1
感冒,1
妈妈,1
做饭,1
走进,1
老婆,1
没有,1
随性,1
好像,1
节奏,1
首歌,1
适合,1
婚礼,1
大胆,1
地藏,1
大威,1
存在,1
面对,1
负面,1
唱法,1
风格,1
听到,1
草地,1
衣服,1
全部,1
首歌,1
盗版,1
磁带,1
草地,1
心事,1
全都,1
说明,1
没有,1
还有,1
班级,1
唱歌,1
时候,1
小学,1
首歌,1
跳舞,1
表演,1
歌词,1
草地,1
摊开,1
世间,1
不信,1
开心,1
逗笑,1
人才,1
收费,1
我会,1
花钱,1
期待,1
编号,1
没有,1
高质量,1
曲风,1
略有,1
知道,1
专辑,1
流泪,1
抄袭,1
不算,1
姿势,1
作业,1
带来,1
能够,1
想象,1
西洋,1
展现,1
散发出,1
首歌,1
考上,1
等到,1
首歌,1
想起,1
听到,1
风格,1
不信,1
超快感,1
直往,1
演唱,1
初试,1
考研,1
追追,1
首歌,1
嫌弃,1
排在,1
喜欢,1
类型,1
专辑,1
希望,1
追逐,1
打动,1
考前,1
神曲,1
复习,1
喜欢,1
专辑,1
课桌,1
喜欢,1
无关,1
忘记,1
喜欢,1
延迟,1
作为,1
知道,1
网易,1
版权,1
回归,1
骚动,1
欲望,1
新鲜,1
好像,1
声音,1
遇到,1
應該,1
个人,1
可爱,1
觉得,1
好像,1
有点,1
喊麦,1
念白,1
说唱,1
觉得,1
念白,1
可爱,1
深渊,1
破碎,1
掉入,1
觉得,1
反应,1
部分,1
说唱,1
有点,1
头发,1
念白,1
可爱,1
刻起,1
生命,1
日子,1
知道,1
男声,1
误认为,1
装入,1
礼物,1
觉得,1
没有,1
朋友,1
过程,1
空白,1
晚风,1
啤酒,1
鸡腿饭,1
日月潭,1
方法,1
看到,1
地指,1
淡季,1
狂欢,1
动物园,1
好听,1
唱歌,1
迷死人,1
时代,1
透露,1
演员,1
歌手,1
流泪,1
抓起,1
手机,1
听歌,1
反应,1
爱心,1
火焰,1
月亮,1
光芒,1
时候,1
买不到,1
經歷,1
彷彿,1
爱人,1
不该,1
歌曲,1
同性,1
词作者,1
耳朵,1
想长,1
纠缠,1
无意,1
梦乡,1
时候,1
光芒,1
歌词,1
喜欢,1
读作,1
没有,1
词人,1
直女,1
变成,1
首歌,1
等待,1
新歌,1
青春,1
结束,1
盲目,1
抛弃,1
踢球,1
发新,1
名叫,1
点亮,1
追求,1
界限,1
喜欢,1
想要,1
了解,1
赞过,1
女生,1
表白,1
回头,1
下意识,1
躲开,1
缅怀,1
我会,1
故事,1
起头,1
希望,1
觉得,1
应当,1
剩下,1
听到,1
情歌,1
功力,1
算了,1
长命百岁,1
小气鬼,1
奔波,1
小哥,1
起来,1
时候,1
首歌,1
临近,1
知道,1
饭菜,1
食堂,1
缝缝补补,1
能力,1
自渡,1
能够,1
小卖部,1
熄灭,1
归宿,1
专属,1
维修,1
太阳能,1
月亮,1
首歌,1
男朋友,1
发给,1
身份证,1
警察,1
上班,1
帮不上,1
诉苦,1
妈妈,1
听歌,1
好事,1
发生,1
轶可,1
肯定,1
小子,1
需要,1
恋爱,1
看到,1
行走,1
独立,1
不能,1
度过,1
等待,1
漫长,1
细品,1
还有,1
歌词,1
女孩,1
可可,1
甜歌,1
好像,1
时说,1
费时间,1
流程,1
领先,1
轶可,1
时长,1
巧合,1
不信,1
拜拜,1
吃饭,1
参考,1
选择,1
体会,1
保持,1
保护,1
每隔,1
开始,1
首歌,1
世界,1
音乐,1
情歌,1
没有,1
印象,1
体会,1
爱心,1
倒数,1
感谢,1
开头,1
音乐,1
作词,1
演唱会,1
时候,1
裸照,1
回答,1
穿透,1
歌声,1
电话,1
工作,1
相拥,1
评论,1
看到,1
倒数,1
生命,1
感觉,1
对方,1
懂得,1
孩子,1
首歌,1
听到,1
说话,1
吐舌,1
下班,1
大家,1
还有,1
乐曲,1
放下,1
事情,1
困住,1
像是,1
瓜葛,1
流行,1
干嘛,1
土狗,1
东西,1
喜欢,1
觉得,1
对方,1
拉扯,1
超越,1
好听,1
版本,1
记住,1
收走,1
摆烂,1
体验,1
圈子,1
指责,1
癌症,1
阴性,1
指标,1
理解,1
时候,1
听歌,1
新生儿,1
母亲,1
生命,1
妈妈,1
大房子,1
生活,1
车祸,1
命运,1
注销,1
户口,1
爷爷,1
教养,1
父母,1
接受,1
教你用,1
妈妈,1
手机,1
评论,1
时空,1
停止,1
长大,1
管用,1
生气,1
表白,1
皱眉,1
腰窝,1
顶峰,1
时候,1
保留,1
专辑,1
音乐,1
暗恋,1
忧伤,1
夹杂着,1
朋友,1
喜欢,1
预测,1
开始,1
好听,1
亲吻,1
心动,1
小子,1
学会,1
对方,1
音乐节,1
感觉,1
女朋友,1
身体,1
盆儿,1
注意,1
爆火,1
无脑,1
望盆,1
操作,1
适合,1
中国,1
底牌,1
资格,1
困境,1
朋友,1
好听,1
声音,1
组成,1
生命,1
诗句,1
没有,1
诗句,1
婚礼,1
首歌,1
网易,1
感谢,1
前排,1
星辰,1
灰尘,1
量子,1
青春,1
拥有,1
无法,1
青春,1
歌手,1
唱出,1
首歌,1
想起,1
希望,1
夺冠,1
剪辑,1
足球,1
蓄谋,1
重逢,1
告别,1
感谢,1
朋友,1
亲人,1
必胜,1
万事,1
高考,1
爷爷,1
双向,1
猪猪,1
网易,1
知道,1
打开,1
羡慕,1
看看,1
水瓶座,1
拨到,1
心跳,1
歌曲,1
水瓶座,1
好像,1
狮子座,1
约等于,1
意思,1
问问,1
首歌,1
星座,1
水瓶座,1
没有,1
城府,1
软肋,1
否定,1
肯定,1
理智,1
长岛,1
专门,1
来历,1
符合,1
适合,1
遇到,1
喜欢,1
不行,1
水瓶,1
狮子座,1
尾巴,1
大笑,1
水瓶座,1
动心,1
姿态,1
感覺,1
全世界,1
喜欢,1
千樺,1
喜欢,1
跳舞,1
听到,1
看书,1
耳机,1
女生,1
发光,1
心酸,1
喜欢,1
像是,1
哥哥,1
适合,1
眨眼,1
回头,1
港星,1
描述,1
感觉,1
苔丸,1
拯救,1
捐给,1
莫名,1
开口,1
悸动,1
故事,1
发言,1
喜欢,1
感情,1
兑满,1
留给,1
还有,1
不对,1
评论,1
金曲,1
接跑,1
劲歌,1
祈求,1
放过,1
恋人,1
还好,1
戳脊梁骨,1
相亲,1
私奔,1
幻想,1
看着,1
没有,1
区别,1
婚纱,1
不用,1
歌名,1
吓跑,1
大哭,1
金曲,1
情歌,1
劲歌,1
眷顾,1
相信,1
命运,1
看看,1
冲冲,1
首飞,1
转世,1
梳齐,1
有如,1
世界,1
黄色,1
太平山,1
演戏,1
喜欢,1
生于,1
演唱会,1
学业,1
喜欢,1
爱情,1
哀伤,1
男生,1
评论,1
结束,1
看过,1
老爷,1
心情,1
有点,1
感动,1
不了,1
首歌,1
循环,1
但愿,1
电话,1
拨通,1
首歌,1
时差,1
还好,1
爱哭,1
首歌,1
听懂,1
跑步,1
喜欢,1
时候,1
放过,1
打扰,1
循环,1
粤语歌,1
回味,1
朋友,1
告诉,1
像是,1
男人,1
寸步,1
约束,1
首歌,1
分享,1
放不下,1
知道,1
共鸣,1
回缠,1
心机,1
骨气,1
开心,1
女歌手,1
看到,1
首歌,1
不想,1
前女友,1
防备,1
逼成,1
放弃,1
想要,1
关系,1
智力,1
四肢,1
电台,1
点赞,1
音色,1
没有,1
慰问,1
首歌,1
觉得,1
时候,1
牵挂,1
回避,1
害怕,1
喜欢,1
不能,1
次数,1
首歌,1
评论,1
首歌,1
有点,1
视感,1
没用,1
喜欢,1
四楼,1
就算,1
广告,1
大家,1
原唱,1
首歌,1
时间,1
简史,1
同学,1
没有,1
可能,1
自动,1
分手,1
谈恋爱,1
写歌,1
霜降,1
不能,1
恶霸,1
走路,1
冷漠,1
自卑,1
入学,1
锻炼,1
文案,1
有没有,1
听的歌,1
看法,1
在乎,1
贩卖机,1
音乐,1
脸红,1
贩卖机,1
情侣,1
心动,1
关麦,1
划水,1
首歌,1
谈恋爱,1
恋爱,1
世界,1
爱河,1
美丽,1
建设,1
爱河,1
台湾,1
属于,1
好听,1
抽烟,1
喝酒,1
红色,1
小鬼,1
我会,1
拔刀,1
影响,1
速度,1
愿意,1
对象,1
奔跑,1
走路,1
东西,1
愿意,1
忘记,1
男孩,1
照片,1
喜欢,1
预告,1
喜欢,1
放弃,1
刷下去,1
百合,1
满足,1
幻想,1
打卡,1
作曲,1
愿意,1
变成,1
情况,1
出来,1
黑屋,1
无光,1
找到,1
地方,1
少女,1
窃喜,1
走进,1
青春,1
疼痛,1
浮夸,1
高考,1
还有,1
雨会,1
难过,1
不会,1
没有,1
就算,1
遇到,1
湖海,1
老板娘,1
长大,1
证明,1
爱意,1
情侣,1
支持,1
打卡,1
好听,1
觉得,1
好像,1
有没有,1
曲调,1
首歌,1
熟悉,1
陌生人,1
鼓励,1
中考,1
西施,1
时候,1
诗语,1
土狗,1
食堂,1
关心,1
欢乐谷,1
蹦迪,1
喝酒,1
首歌,1
知道,1
男生,1
女孩子,1
感觉,1
有点,1
巧合,1
网恋,1
忘不掉,1
喜欢,1
同情,1
出于,1
知道,1
暗恋,1
双向,1
不会,1
确定,1
可能,1
羡慕,1
起码,1
有点,1
腿软,1
吻到,1
知道,1
要考,1
老娘,1
爱情,1
喜欢,1
出来,1
人站,1
爸妈,1
找对象,1
压抑,1
不该,1
理智,1
盲区,1
涉及,1
身亡,1
倾诉,1
途径,1
独立,1
呼吸,1
男人,1
期待,1
信息,1
首歌,1
拥有,1
希望,1
电台,1
姐妹,1
倒立,1
没有,1
稀饭,1
落日余晖,1
奶茶,1
晚风,1
还有,1
干嘛,1
甜歌,1
没有,1
可惜,1
稀饭,1
朋友,1
倒立,1
开始,1
看到,1
不想,1
可恶,1
滴歌,1
好听,1
废话,1
回应,1
延续,1
百合花,1
不到,1
葡萄藤,1
阴影,1
补给,1
男孩,1
风景,1
单曲,1
循环,1
首歌,1
白鸟,1
发展,1
羁绊,1
产生,1
流泪,1
手段,1
钟摆,1
制成,1
日子,1
不到,1
不让,1
沉下去,1
水面,1
有点像,1
姐姐,1
难住,1
题目,1
数学题,1
自律,1
学习,1
哥们,1
准时,1
兄弟,1
果汁,1
天空,1
教室,1
动态,1
照片,1
研究,1
世界,1
环境,1
接触,1
歌曲,1
放大,1
情绪,1
谈恋爱,1
没有,1
屁事,1
男人,1
信息,1
女生,1
变成,1
男孩子,1
喜欢,1
世界,1
不分昼夜,1
喜欢,1
做出,1
样子,1
男朋友,1
不能,1
大家,1
加油,1
女孩子,1
声音,1
男孩子,1
喜欢,1
应该,1
连接,1
无缝,1
分手,1
女孩,1
起哄,1
牛奶,1
追到,1
定律,1
国家,1
地方,1
需要,1
老子,1
爱情,1
不信,1
老娘,1
绿茶,1
男生,1
女生,1
心理学家,1
世界,1
就算,1
需要,1
没有,1
喜欢,1
合照,1
淮南,1
暗恋,1
秘密,1
背影,1
熟悉,1
双向,1
人们,1
暗恋,1
认识,1
没收,1
知道,1
喜欢,1
下雨天,1
离开,1
喜欢,1
时候,1
避开,1
应该,1
还有,1
适配,1
搞定,1
暗恋,1
小说,1
可能,1
暗恋,1
记录,1
青春,1
暗恋,1
回首,1
亘年,1
陪伴,1
时光,1
灵魂,1
无关,1
纠葛,1
考完,1
想见,1
干的事,1
拿来,1
告别,1
看见,1
留言,1
纠葛,1
灵魂,1
无关,1
月亮,1
不厌,1
生活,1
放过,1
应该,1
惩罚,1
怀念,1
念旧,1
轮到,1
时候,1
选择,1
牙齿,1
爱情,1
评论,1
淹没,1
喜欢,1
留住,1
没有,1
所有人,1
觉得,1
没有,1
提到,1
告诉,1
大学,1
异地,1
不想,1
内心,1
倾诉,1
男孩,1
挡住,1
记者,1
朋友,1
晚安,1
云村,1
目标,1
毫无,1
关联,1
踏进,1
花店,1
脚步,1
流泪,1
喜欢,1
看到,1
前奏,1
评论,1
败笔,1
觉得,1
灵魂,1
前奏,1
作为,1
放弃,1
丈夫,1
藤原,1
画心,1
翻唱,1
日本,1
作曲家,1
作曲,1
记得,1
知道,1
台词,1
看着,1
妻子,1
抱起,1
跟着,1
海豚音,1
吼吼,1
主题曲,1
编曲,1
首歌,1
好听,1
感觉,1
听到,1
害怕,1
感觉,1
难过,1
狐狸,1
成为,1
想要,1
画皮,1
画心,1
上海,1
打造,1
姿态,1
御用,1
女歌手,1
中国,1
新歌,1
听到,1
网易,1
开园,1
公主,1
喜欢,1
中国,1
赞助,1
大家,1
海豚音,1
掀翻,1
结束,1
听到,1
首歌,1
退场,1
结束,1
烟花,1
中国,1
喜欢,1
赞助,1
立马,1
云村,1
链接,1
现场,1
感觉,1
版本,1
抒发,1
情侣,1
枝叶,1
相望,1
夜空,1
额娘,1
知道,1
身体,1
版本,1
富养,1
像是,1
饿死,1
调音师,1
鸳鸯,1
名为,1
飞鸟,1
网易,1
惨案,1
欢迎,1
一棵树,1
移植,1
道路,1
感觉,1
醉倒,1
好听,1
合起,1
放在,1
手掌,1
小学,1
大学,1
破音,1
缠绕,1
发展,1
起来,1
电视,1
病床,1
感觉,1
喜欢,1
擅长,1
来到,1
舞台,1
鲜有,1
福利,1
听众,1
首离歌,1
唱出,1
感觉,1
认为,1
挑战,1
错误,1
错误,1
选歌,1
哀伤,1
胸姐,1
离歌,1
翻唱,1
感觉,1
首歌,1
歌手,1
讨好,1
情绪,1
压抑,1
分手,1
酝酿,1
计划,1
看好,1
腹肌,1
声音,1
身白,1
唢呐,1
裙子,1
创作,1
感动,1
团队,1
钢琴曲,1
熟知,1
填词,1
试过,1
没有,1
大家,1
葬礼,1
选择,1
要求,1
承担,1
羁绊,1
制造,1
泪水,1
时代,1
创作,1
感动,1
团队,1
授权,1
主题曲,1
相忘,1
首歌,1
离开,1
陪伴,1
期待,1
踏过,1
诉说,1
正版,1
预警,1
重译,1
觉得,1
没有,1
停留,1
情歌,1
唱起,1
都市,1
往事,1
高考,1
回想,1
完成,1
被子,1
醒来,1
水平,1
数学,1
父亲,1
女儿,1
出嫁,1
意境,1
现实,1
落幕,1
隔车,1
隔房,1
结婚,1
不想,1
女人,1
姑娘,1
接受,1
爱人,1
感觉,1
结婚,1
像是,1
遇见,1
喜欢,1
爱情,1
前途,1
选择,1
遇到,1
分开,1
见面,1
错过,1
不想,1
爱情,1
男生,1
铁丝网,1
女生,1
喜欢,1
掏心,1
礼貌,1
感情,1
听众,1
受到,1
男朋友,1
同性恋,1
知道,1
无法,1
接受,1
访问,1
继续,1
看到,1
知道,1
装作,1
屏发,1
首歌,1
秘密,1
距离,1
好像,1
不行,1
打消,1
念头,1
没有,1
喜欢,1
分手,1
偷走,1
太重,1
鼻腔,1
觉得,1
长枪,1
意中人,1
骑马,1
擅长,1
达成,1
整首歌,1
聚集,1
片花,1
燃向,1
抒情,1
大家,1
告诉,1
桃花,1
需要,1
国家,1
桃花,1
毕业,1
学会,1
喜欢,1
片头曲,1
片尾曲,1
信仰,1
技巧,1
歌词,1
情歌,1
上古,1
还有,1
感觉,1
唱出,1
演出,1
记录,1
人们,1
苹果,1
喜欢,1
需要,1
拥有,1
新歌,1
尾巴,1
妖精,1
能力,1
潜力,1
创作,1
遇见,1
希望,1
汹涌,1
人潮,1
话题,1
希望,1
喜欢,1
歌词,1
暗黑,1
好听,1
电音,1
没有,1
拒绝,1
美丽,1
相遇,1
男孩子,1
建议,1
女孩子,1
没有,1
拒绝,1
感觉,1
可能,1
爱情,1
爱人,1
直指,1
看看,1
摘掉,1
觉得,1
红酒,1
歌曲,1
细节,1
音乐,1
首歌,1
俘获,1
回过,1
账单,1
晚餐,1
专辑,1
创作,1
亲情,1
取代,1
盲点,1
生活,1
父母,1
爱心,1
得歌,1
生活,1
过着,1
想要,1
黑转路,1
转粉,1
关键,1
歌曲,1
歌词,1
歌像,1
语调,1
听说,1
大家,1
父母,1
空闲,1
发脾气,1
失望,1
发歌,1
没有,1
大哭,1
风格,1
没有,1
爱情,1
嫁给,1
玻璃,1
罪名,1
硬度,1
男生,1
信不信,1
冷漠,1
没有,1
合照,1
桃城,1
中学,1
首歌,1
评论,1
音乐,1
首歌,1
版本,1
声音,1
该死,1
感觉,1
考虑,1
无能,1
崩溃,1
没有,1
在座,1
旋律,1
心田,1
整首歌,1
声音,1
可爱,1
钢琴,1
铁肺,1
新生代,1
戀愛,1
歌曲,1
翻唱,1
没有,1
发生,1
留下,1
不会,1
循环,1
有点,1
相恋,1
遇见,1
再见,1
魔鬼,1
看清,1
才能,1
流泪,1
好听,1
特肺,1
配上,1
声音,1
翻唱,1
感觉,1
要求,1
音乐,1
还有,1
杂音,1
旋律,1
首歌,1
时候,1
路转粉,1
看贴,1
没有,1
爱心,1
错过,1
心碎,1
喜欢,1
可惜,1
乘法,1
解解,1
没有,1
数字,1
开头,1
音乐,1
作词,1
成长,1
分开,1
经历,1
得到,1
正如,1
成长,1
使命,1
人生,1
错过,1
只能,1
错过,1
星球,1
太阳系,1
感觉,1
充斥,1
懊悔,1
首歌,1
放弃,1
错过,1
相遇,1
再见,1
生活,1
感慨,1
事件,1
眼神,1
紫棋,1
等待,1
不负,1
不甘,1
信任,1
主见,1
爱心,1
好听,1
童话,1
童话,1
现实,1
构建,1
看到,1
泪点,1
忍不住,1
童话,1
现实,1
音乐,1
无法,1
开始,1
情绪,1
小孩子,1
寻找,1
眼看,1
无端,1
繁世,1
开始,1
起来,1
委屈,1
长大,1
童话,1
没命,1
副歌,1
网易,1
回到,1
流泪,1
东西,1
现实,1
粉碎,1
压力,1
拥抱,1
世界,1
粉碎,1
闯入,1
哀伤,1
老师,1
生活,1
失望,1
内心,1
走进,1
开出,1
大学,1
相信,1
就算,1
石頭,1
开花,1
颜值,1
女人,1
呐喊,1
绽放,1
长大,1
爱心,1
生命,1
回头,1
没有,1
花会,1
等待,1
岩石,1
横幅,1
空降,1
宣传,1
来自,1
期待,1
数学,1
不会,1
绝望,1
流泪,1
知道,1
故事,1
听歌,1
绯闻,1
时候,1
大家,1
没有,1
喝酒,1
期待,1
道理,1
黑粉,1
公司,1
学校,1
不逛,1
男生,1
邀請,1
作詞,1
歌迷,1
喜欢,1
评论,1
歌手,1
喜欢,1
音乐,1
逃离,1
首歌,1
时期,1
折射,1
歌曲,1
忘记,1
听到,1
不会,1
羊羊,1
看喜,1
沙漏,1
回忆,1
遇到,1
夕阳,1
无法,1
橘子,1
飞车,1
落日,1
决定,1
觉得,1
办法,1
高考,1
成绩,1
带你去,1
相信,1
男人,1
接吻时,1
先生,1
歌曲,1
泪痕,1
滑下,1
不能,1
时候,1
背景音乐,1
被窝,1
回去,1
看一遍,1
郑州,1
心态,1
巴厘岛,1
力气,1
对方,1
耗费,1
时候,1
喜欢,1
结果,1
注定,1
没有,1
通宵,1
治疗,1
告别,1
好像,1
蓝色,1
大门,1
落日,1
水洼,1
想起,1
生活,1
毫无,1
逼迫,1
迷人,1
创作,1
水彩,1
笃定,1
来自,1
对方,1
事情,1
承载,1
感情,1
没有,1
喜欢,1
没有,1
合照,1
被告,1
原告,1
关系,1
接吻,1
爱意,1
女孩,1
病毒,1
杀死,1
带来,1
知道,1
希望,1
力量,1
原因,1
首歌,1
看成,1
建议,1
喜欢,1
人生,1
男孩,1
纹身,1
胶片,1
首歌,1
橘子,1
补考,1
飞车,1
考场,1
记住,1
橙子,1
看错,1
发现,1
拖鞋,1
溜达,1
坐在,1
大街,1
沈阳,1
日子,1
改为,1
免费,1
时候,1
新鲜,1
认识,1
老土,1
先生,1
兜风,1
循环,1
单曲,1
首歌,1
吟唱,1
心情,1
游魂,1
嗅到,1
首歌,1
老师,1
天气,1
觉得,1
月色,1
爱情,1
继续,1
不该,1
告诫,1
世界,1
耳朵,1
拯救,1
痴情,1
可能,1
首歌,1
背景音乐,1
适合,1
时候,1
没放,1
不下,1
首歌,1
循环,1
好听,1
听到,1
首歌,1
希望,1
首歌,1
歌曲,1
开心,1
前任,1
怀念,1
回复,1
觉得,1
前任,1
湖畔,1
记得,1
大哭,1
超市,1
肚饿,1
屯芋,1
试音,1
英语听力,1
洗脑,1
评论,1
看看,1
翻翻,1
考生,1
情怀,1
上海,1
男生,1
首歌,1
收音机,1
电影,1
牵着手,1
走向,1
比赛,1
答应,1
恋爱,1
要约,1
学学,1
唱歌,1
敬腾,1
首歌,1
时候,1
貌似,1
步入,1
范围,1
风是,1
觉醒,1
妈妈,1
飞儿,1
健在,1
知道,1
演唱,1
版本,1
还有,1
电视台,1
音乐,1
穿着,1
喜欢,1
想到,1
大哭,1
鲜肉,1
心情,1
开启,1
单曲,1
没写,1
寒假作业,1
原唱,1
男声,1
请举手,1
觉醒,1
想到,1
时候,1
知道,1
喜欢,1
喜欢,1
原因,1
吐舌,1
糟蹋,1
皱眉,1
歌手,1
喜欢,1
觉得,1
时期,1
笑笑,1
蜜糖,1
小时候,1
偶像剧,1
唱歌,1
好听,1
首歌,1
无比,1
听到,1
声音,1
猴子,1
警车,1
吐舌,1
集合,1
小伙伴,1
妹粉,1
全是,1
跳舞,1
小伙伴,1
停不下来,1
猴子,1
开花,1
想到,1
乐队,1
电光,1
推荐,1
演唱会,1
打卡,1
妹妹,1
演唱会,1
男生,1
打卡,1
大哭,1
环节,1
点歌,1
天窗,1
床上,1
天花板,1
汗滴,1
阁楼,1
发尾散,1
热恋,1
海风,1
逃避,1
提高,1
需要,1
唱功,1
评论,1
温差,1
收回,1
暴雨,1
靠近,1
下过,1
音乐,1
时代,1
属于,1
补足,1
可能,1
需要,1
前奏,1
躁动,1
抚平,1
沾满,1
升腾,1
紫色,1
难过,1
醒来,1
喝茶,1
退出,1
学习,1
搭配,1
建议,1
入侵,1
导航,1
掉头,1
路线,1
喜欢,1
需要,1
跳水,1
看着,1
大海,1
头顶,1
跳水,1
献给,1
霓虹,1
现场,1
冤枉钱,1
演出,1
石膏,1
黑色,1
平角,1
喜欢,1
花园,1
男孩子,1
内心,1
文艺,1
剧社,1
穿鞋,1
室友,1
分数,1
眼馋,1
考上,1
现场,1
总能,1
免费,1
相遇,1
晚风,1
眼泪,1
羁绊,1
承受,1
女人,1
男人,1
成长,1
网易,1
重点,1
推给,1
没有,1
欺骗,1
服从,1
流泪,1
收费,1
剧本,1
结婚,1
天堂,1
胜过,1
真话,1
真情,1
笑话,1
警察,1
阻碍,1
感觉,1
时光,1
嗓音,1
大家,1
版本,1
发现,1
没有,1
外地人,1
腔调,1
想起,1
日子,1
归期,1
希望,1
认识,1
辜负,1
大笑,1
可怜,1
首歌,1
评论,1
看到,1
老子,1
有空,1
杭州,1
结局,1
出去,1
黄花,1
风吹,1
堆积,1
希望,1
能够,1
记忆,1
事情,1
福岛,1
核泄漏,1
拒绝,1
所有人,1
名字,1
理解,1
人才,1
频率,1
头顶,1
金色,1
太阳,1
退场,1
消耗,1
成树,1
鼻孔,1
耳机,1
听到,1
曲子,1
所作,1
首歌,1
秒杀,1
全场,1
讲故事,1
能替,1
衣领,1
现形,1
女孩,1
安慰,1
看看,1
社稷,1
喜欢,1
想见,1
错过,1
行为,1
过分,1
夸张,1
选择,1
戒烟,1
首歌,1
找到,1
想听,1
舞姿,1
欣赏,1
不想,1
浮夸,1
结束,1
有点,1
成为,1
使得,1
听众,1
军训,1
承认,1
不太好,1
男子,1
衣服,1
全都,1
男性,1
骚动,1
喜欢,1
进入,1
恋爱,1
殿堂,1
正果,1
狠下心来,1
失望,1
选择,1
觉得,1
错过,1
隐忍,1
崩塌,1
歌曲,1
找到,1
男人,1
衣服,1
变成,1
满足,1
男人,1
拒绝,1
积累,1
失望,1
离开,1
心计,1
劣势,1
不攻,1
妈妈,1
室友,1
怀念,1
不行,1
看着,1
妹妹,1
睡眠,1
质量,1
感所,1
离开,1
开始,1
感情,1
学友,1
嗓门,1
理解,1
老歌,1
一坛,1
喜欢,1
枝桠,1
耳机,1
好像,1
女孩,1
学友,1
喜欢,1
觉得,1
唱歌,1
超越,1
无法,1
学友,1
经典,1
无法,1
拒绝,1
适合,1
符合,1
遇到,1
钉钉,1
垃圾,1
主播,1
觉得,1
建议,1
力气,1
感触,1
回忆,1
陷入,1
大哭,1
喜欢,1
世界,1
喜欢,1
时候,1
一楼,1
发现,1
二楼,1
老师,1
治病,1
学校,1
叫做,1
青花,1
回忆,1
眼泪,1
舞台,1
鼻子,1
答应,1
喜欢,1
喜欢,1
首歌,1
流泪,1
好听,1
听歌,1
老歌,1
下载,1
播放,1
循环,1
老歌,1
好听,1
心动,1
喜欢,1
喜欢,1
抽烟,1
女孩,1
起床,1
说起,1
知道,1
认识,1
烟瘾,1
没有,1
戒烟,1
故事,1
遇到,1
改变,1
的士,1
礼拜,1
没有,1
评论,1
偷窥,1
觉得,1
先生,1
坚持,1
表白,1
活成,1
面容,1
看不透,1
看不清,1
选择,1
时候,1
食物,1
戒烟,1
爷爷,1
喜欢,1
首歌,1
感觉,1
好听,1
吸烟,1
换来,1
官司,1
新娘,1
返回,1
车祸,1
记事本,1
翅膀,1
老婆,1
我会,1
女孩,1
守护,1
天使,1
化作,1
长大,1
流泪,1
想要,1
没来,1
失去,1
脑子,1
没有,1
长亭,1
古道,1
脾气好,1
没有,1
天生,1
爷爷,1
牺牲,1
消防员,1
好听,1
听者,1
老歌,1
感觉,1
翅膀,1
首歌,1
新娘,1
返回,1
车祸,1
看着,1
时候,1
睡不着,1
版权,1
就算,1
演员,1
演戏,1
出来,1
男人,1
期待,1
信息,1
螺蛳,1
广西,1
朋友,1
沦陷,1
做不了,1
交往,1
话题,1
好像,1
我会,1
注意,1
逗人,1
忘记,1
小子,1
骂人,1
看不到,1
笼子,1
礼貌,1
发消息,1
消息,1
鸽子,1
念旧,1
喜欢,1
看越,1
旧人,1
无情,1
首歌,1
记下,1
回去,1
妻子,1
生活,1
双胞胎,1
首歌,1
晚会,1
舞台,1
记得,1
芒果,1
首歌,1
午饭,1
希望,1
回来,1
风扇,1
睁开眼,1
地响,1
妈妈,1
爸爸,1
听到,1
下学期,1
唤醒,1
广播,1
初恋,1
用心,1
偶像,1
抬手,1
领子,1
手术台,1
孩子,1
飙车,1
离婚,1
创作,1
荏苒,1
回忆,1
深情,1
眼神,1
有关,1
没有,1
弥补,1
打死,1
木子,1
时候,1
人生,1
流泪,1
男主,1
寻找,1
出来,1
画面,1
电影院,1
激励,1
热情,1
喜欢,1
流泪,1
感情,1
了看,1
时间,1
流泪,1
继续,1
青春,1
让苏,1
镜头,1
命运,1
记忆,1
誓言,1
嫁给,1
青春,1
主角,1
提前,1
雨幕,1
选择,1
发光,1
成为,1
路灯,1
时候,1
白纱,1
副歌,1
流泪,1
存在,1
世界,1
没有,1
时候,1
偏爱,1
表达,1
打败,1
追到,1
缺席,1
归位,1
流泪,1
不知,1
儿子,1
输血,1
追剧,1
听歌,1
藏不住,1
不妨,1
派对,1
门票,1
巡演,1
落下,1
眼泪,1
承包,1
地区,1
南京,1
广州,1
派对,1
世纪,1
地区,1
广州,1
还有,1
流泪,1
喜欢,1
电视剧,1
缘分,1
不想,1
喜欢,1
演员,1
歌手,1
晚睡,1
孩子,1
觉得,1
编曲,1
联动,1
神仙,1
流泪,1
出来,1
考试,1
网易,1
特地,1
时候,1
看剧,1
首歌,1
缺席,1
救星,1
归位,1
觉得,1
电视剧,1
听见,1
平行,1
执念,1
愿意,1
流泪,1
舍不得,1
轨迹,1
总会,1
走出,1
致敬,1
换来,1
消防人员,1
场面,1
告白,1
平行,1
世界,1
听完,1
出下,1
煽情,1
得出,1
字句,1
大神,1
念咒,1
做法,1
陆地,1
脑海,1
无人,1
生命,1
认错,1
解释,1
嵩哥,1
爱情,1
告白,1
音乐,1
演唱会,1
首歌,1
男生,1
分享,1
紫色,1
小子,1
喜欢,1
地点,1
陆地,1
海洋,1
紫色,1
韵味,1
珊瑚,1
煽情,1
得来,1
字句,1
歌名,1
筹到,1
植众,1
还有,1
没有,1
风格,1
班主任,1
意思,1
分手,1
结合,1
说唱,1
古风,1
调调,1
报道,1
喜欢,1
过活,1
强赛,1
叔叔,1
父子,1
声音,1
熟悉,1
戏腔,1
地球,1
太阳系,1
英里,1
足以,1
醉心,1
相配,1
歌唱,1
男孩子,1
心坎,1
表达,1
思乡,1
作者,1
时候,1
带领,1
首歌,1
发怒,1
歌词,1
上传,1
总决赛,1
上用,1
对不住,1
答应,1
厂牌,1
觉得,1
情歌,1
民谣,1
倒闭,1
经费,1
公司,1
说唱,1
男朋友,1
表妹,1
大家,1
黄腔,1
显得,1
奸笑,1
单防,1
喜欢,1
害怕,1
歌火,1
知道,1
开头,1
知道,1
早安,1
救命,1
整首,1
喜欢,1
大家,1
发现,1
北京,1
大风,1
转身,1
跳进,1
下肚,1
甲方,1
听成,1
霓虹,1
悟空,1
放下,1
情调,1
大哭,1
社会主义,1
咖啡,1
倒进,1
小卖部,1
懒散,1
觉得,1
鱼油,1
日用,1
复合,1
搭来,1
取消,1
怀疑,1
长岛,1
结果,1
细品,1
国风,1
说唱,1
中国,1
长安,1
歌舞升平,1
妄想,1
豪放,1
纳惜,1
有点像,1
姐姐,1
声音,1
羊汤,1
出来,1
强行,1
评论,1
可恶,1
模式,1
适合,1
温酒,1
旋律,1
胜过,1
太巧,1
合作,1
喜欢,1
可能,1
听觉,1
类似,1
女声,1
蛀牙,1
环卫工人,1
指着,1
大街,1
天地,1
臭棋篓子,1
棋手,1
喜欢,1
歌手,1
阴间,1
差价,1
中间商,1
还有,1
担心,1
可惜,1
不行,1
国粹,1
喝起,1
听起,1
戏曲,1
大胆,1
回来,1
回家,1
戏子,1
公主,1
开始,1
负心郎,1
相见,1
企鹅,1
眼眶,1
狐狸,1
逗得,1
东跑,1
进去,1
狐狸,1
妖怪,1
丢下,1
公子,1
说好,1
父母,1
出嫁,1
看着,1
规矩,1
发扬,1
国粹,1
方法,1
玻璃,1
重力,1
压力,1
精准,1
感觉,1
翻唱,1
大家,1
朋友,1
看到,1
评论,1
身影,1
技术,1
结合,1
切换,1
喜欢,1
节奏,1
大家,1
名字,1
看到,1
狗头,1
北慕,1
流量,1
首歌,1
导游,1
不用,1
游客,1
原唱,1
还加,1
捧杀,1
小时候,1
奶奶,1
感兴趣,1
朋友,1
发布,1
格局,1
评论,1
兄弟,1
哥们,1
困爱,1
读烂,1
玩家,1
封面,1
出来,1
大家,1
喧嚣,1
生活,1
风头,1
狐狸,1
出自,1
名将,1
断肠人,1
说唱,1
冠军,1
嫁给,1
委屈,1
透露,1
江南,1
来自,1
气息,1
好像,1
贵公子,1
归宿,1
夕阳西下,1
调子,1
感觉,1
生命,1
海力,1
收藏,1
进来,1
消息,1
长线,1
作战,1
看不懂,1
翻译,1
咋办,1
国家,1
力量,1
民族,1
发明,1
韩国,1
中国,1
枯草,1
韩国,1
山河,1
韩国,1
发明,1
针灸,1
孕育,1
历史,1
中国,1
硕鼠,1
乐郊,1
乐土,1
东西,1
爸爸,1
儿子,1
韩国,1
发明,1
中国,1
讽刺,1
类似,1
戏腔,1
申遗,1
文化,1
取消,1
想到,1
首歌,1
听到,1
摆脱,1
没有,1
冷气,1
奇志,1
红装,1
演兵场,1
崇祯帝,1
女将军,1
名声,1
火烧,1
风雪,1
草料场,1
首歌,1
觉得,1
女孩,1
评论,1
情怀,1
开心,1
看到,1
奔波,1
作词,1
葬花,1
生辰,1
智取,1
起来,1
支愣,1
大笑,1
讨论,1
层楼,1
皇上,1
身体,1
操持,1
觉得,1
祖国,1
情郎,1
想到,1
听到,1
反应,1
火烧,1
风雪,1
草料场,1
死国,1
可乎,1
东西,1
减法,1
不会,1
横扫,1
虎式,1
星炮,1
封面,1
别致,1
自画像,1
星空,1
带领,1
将士,1
知道,1
玩家,1
江南,1
办喜事,1
途径,1
莎车,1
光屁股,1
想念,1
类型,1
戳心,1
看似,1
女友,1
长跑,1
嫁给,1
妈妈,1
查出,1
癌症,1
词句,1
叙意,1
开口,1
爱情,1
捐款,1
块钱,1
借钱,1
姑娘,1
小心,1
火场,1
告诫,1
电影,1
往右,1
说道,1
喜欢,1
人说,1
还有,1
肯定,1
网易,1
女生,1
男生,1
没有,1
出生,1
专辑,1
听歌,1
错过,1
对方,1
试探,1
维持,1
关系,1
依靠,1
时候,1
没有,1
时刻,1
说不完,1
回来,1
公交,1
心酸,1
喜欢,1
见到,1
做梦,1
阴天,1
金句,1
确总,1
精神,1
爱情,1
觉得,1
迷人,1
时候,1
女孩子,1
坚强,1
可爱,1
生命,1
痛心,1
留下,1
凋零,1
时候,1
好像,1
复查,1
癌细胞,1
希望,1
让你在,1
情况,1
背景,1
访客,1
网易,1
没有,1
痕迹,1
时光,1
算是,1
安慰,1
放弃,1
觉得,1
人家,1
降到,1
遇见,1
期望,1
感觉,1
经历,1
相信,1
走路,1
霸道,1
睡觉,1
想起,1
前女友,1
时候,1
钟头,1
没有,1
妈妈,1
无情,1
听歌,1
起来,1
妈妈,1
整整,1
发表,1
评论,1
心情,1
旋律,1
还肯,1
女孩子,1
说话,1
轻吻,1
版本,1
首歌,1
爱心,1
心碎,1
没有,1
没有,1
期待,1
喜欢,1
勇气,1
委屈,1
感情,1
回来,1
坚守,1
才能,1
写出,1
想要,1
占有,1
生活,1
爱心,1
喜欢,1
作词,1
作曲,1
回信,1
闲人,1
知道,1
精彩,1
累积,1
感情,1
时间,1
新欢,1
忘不了,1
大哥,1
作词,1
作曲,1
掠夺式,1
接受,1
愿意,1
爷爷,1
奶奶,1
版本,1
走心,1
没有,1
水准,1
衣服,1
发型,1
炉火,1
流光,1
跪伴,1
奶奶,1
爷爷奶奶,1
难过,1
舞台,1
体现,1
歌曲,1
上课,1
同班,1
可爱,1
想念,1
大学,1
儿子,1
开头,1
面容,1
面貌,1
青春,1
回忆,1
节目,1
期待,1
看到,1
感慨,1
爷爷,1
百度,1
基础,1
歌词,1
直到,1
殡仪馆,1
忘记,1
来到,1
大街,1
铺满,1
可能,1
时刻,1
感到,1
奖学金,1
博士,1
祖国,1
轻舟,1
看看,1
回头,1
塞哥,1
荷西,1
怀念,1
放松,1
才能,1
工作,1
坚持,1
青春,1
走过,1
故乡,1
回头,1
初闻,1
样子,1
关系,1
应该,1
静音,1
睡觉,1
室友,1
配合,1
生死相许,1
诀别,1
有毒,1
封面,1
来世,1
女人,1
晚风,1
叮嘱,1
都市,1
心尖,1
歌女,1
圈圈,1
圆圆,1
光碟,1
能够,1
出来,1
暗示,1
拼命,1
对象,1
公布,1
视频,1
看到,1
起来,1
评论,1
版本,1
时间,1
告诉,1
难过,1
歌里,1
文案,1
全是,1
转转,1
意思,1
分分合合,1
脚趾,1
铭记,1
治疗,1
女人,1
主题曲,1
烂片,1
纠缠,1
手心,1
曲线,1
看着,1
没有,1
区别,1
翻唱,1
无法,1
超越,1
魔鬼,1
缺点,1
曲子,1
唱歌,1
看到,1
学校,1
喜欢,1
朋友,1
拥有,1
功劳,1
面子,1
烂片,1
作品,1
灵气,1
是从,1
衣服,1
喝一杯,1
没有,1
天定,1
结果,1
终究会,1
老歌,1
好听,1
社会,1
起来,1
回忆,1
味儿,1
爸爸,1
时候,1
故事,1
爸爸,1
结婚,1
爱心,1
没有,1
抽烟,1
后悔,1
喜欢,1
脑海,1
老式,1
收音机,1
踏上,1
西安,1
姑娘,1
旋律,1
长大,1
忍不住,1
歌词,1
听懂,1
靠近,1
才能,1
爱情,1
友情,1
没有,1
大哭,1
酒吧,1
是布,1
穿透,1
声音,1
首歌,1
肯定,1
得演,1
觉得,1
时候,1
很漂亮,1
舞台,1
电视,1
是否,1
爸妈,1
出生,1
表情,1
时候,1
歌手,1
烧纸,1
时候,1
希望,1
编剧,1
青春,1
懂得,1
喜欢,1
还有,1
首歌,1
应该,1
手机,1
适合,1
证明,1
离开,1
总想,1
说起,1
收费,1
考上,1
心心念念,1
大哭,1
财产,1
水平,1
口罩,1
感觉,1
烟花,1
产生,1
觉得,1
离开,1
没有,1
上学,1
眷顾,1
希望,1
收费,1
不用,1
见面,1
坐飞机,1
时光,1
首歌,1
还有,1
喜欢,1
男子,1
衣服,1
全都,1
骚动,1
得不到,1
偏爱,1
懵懂,1
据说,1
喜欢,1
回忆,1
骚动,1
偏爱,1
抱起,1
希望,1
新娘,1
蚊子,1
反映,1
廉价,1
首歌,1
听懂,1
呵呵,1
情怀,1
备胎,1
三角恋,1
面对,1
勇气,1
骚动,1
得不到,1
偏爱,1
怀念,1
得不到,1
喜欢,1
老歌,1
首歌,1
知道,1
耳机,1
老歌,1
无法,1
拥抱,1
不能,1
送别,1
阴天,1
车子,1
朋友,1
听说,1
爱情,1
回来,1
写给,1
糟蹋,1
愣住,1
知道,1
好听,1
音乐,1
港台,1
喜欢,1
小时候,1
作业本,1
只能,1
想见,1
不能,1
满满,1
女人味,1
唱歌,1
回头,1
时候,1
经历,1
飞机场,1
难过,1
让我忧,1
演唱,1
出场,1
情歌,1
总教官,1
军训,1
请来,1
欢迎,1
歌手,1
黄品源,1
让我忧,1
难过,1
顺序,1
争吵,1
纠结,1
首歌,1
串烧,1
表达,1
情歌,1
休息,1
个人,1
色彩,1
能力,1
看見,1
陪伴,1
照片,1
做主,1
相信,1
孩子,1
盲人,1
男子,1
电影,1
女孩,1
故事,1
老师,1
版本,1
透析,1
眼角膜,1
患者,1
视力,1
给予,1
罹患,1
脱落,1
视网膜,1
渗出性,1
送走,1
走遍,1
中国,1
表演,1
感动,1
失败,1
失明,1
手术,1
游泳,1
人造,1
首歌,1
进来,1
评论,1
锁死,1
小果,1
爱心,1
忧伤,1
带有,1
歌手,1
评论,1
喜欢,1
拨动,1
心跳,1
灵魂,1
小果,1
中姜,1
微笑,1
嘴角,1
耳机,1
版本,1
喜欢,1
伏笔,1
不会,1
寻会,1
寻有,1
喜欢,1
歌名,1
情景,1
透明,1
想象,1
衣服,1
眼镜,1
演出,1
演唱会,1
稻草人,1
女孩,1
回信,1
长安,1
北平,1
北京,1
广告,1
大哭,1
寒假,1
走廊,1
觉得,1
没有,1
草原,1
候鸟,1
流泪,1
喜欢,1
灵气,1
不信,1
首歌,1
意境,1
喜欢,1
透明,1
衣服,1
女主,1
幻想,1
有点,1
期待,1
今人,1
版本,1
浪姐,1
揭开,1
开始,1
地狱,1
疯魔,1
疼痛,1
戳心,1
纪念,1
女性,1
感知,1
探讨,1
现场,1
魅力,1
歌手,1
现场版,1
录音,1
袈裟,1
要命,1
婚纱,1
悲欢,1
意思,1
掉落,1
盘出,1
包浆,1
女性,1
感知,1
探讨,1
音乐,1
开挂,1
造诣,1
开阔,1
世间,1
唱法,1
女性,1
外貌,1
年龄,1
父亲,1
母亲,1
公司,1
超女,1
投票,1
觉得,1
人生,1
回到,1
期待,1
音乐,1
上有,1
超女,1
比赛,1
粉丝,1
女孩,1
丧父,1
开始,1
超女,1
高学历,1
理解,1
首歌,1
路转粉,1
逼到,1
首歌,1
时候,1
不服,1
没事,1
自愧不如,1
估计,1
看看,1
人会,1
讽刺,1
解释,1
懒得,1
路线,1
大陆,1
可爱,1
喜欢,1
女生,1
没有,1
有没有,1
故宫,1
兴趣,1
钟情,1
叹气,1
驾驭,1
风格,1
知道,1
拯救,1
没有,1
爱情,1
嫁给,1
歌单,1
没有,1
安利,1
寄托,1
失恋,1
音乐,1
喜欢,1
值得,1
静载,1
先生,1
红伞,1
心痛,1
暗恋,1
不知,1
勇者,1
体面,1
包括,1
摆脱,1
冷气,1
中国,1
专辑,1
相信,1
挖出来,1
迎合,1
所求,1
听见,1
海鸟,1
直升飞机,1
一代人,1
认识,1
报以,1
不会,1
大众,1
接受,1
前卫,1
音乐,1
全球,1
科学,1
不火,1
受众,1
曲风,1
好听,1
手机,1
拥抱,1
车厢,1
首歌,1
喜欢,1
大幕,1
嗓音,1
吸引,1
好听,1
唱歌,1
了噜,1
陷于,1
首歌,1
流俗,1
花臂,1
觉得,1
女神,1
音域,1
来回,1
切换,1
婉转,1
心情,1
破灭,1
梦幻,1
递进,1
错误,1
娱乐,1
身体,1
着想,1
首歌,1
现场,1
北草,1
演唱会,1
出来,1
赚到,1
演唱会,1
大家,1
感觉,1
对象,1
不到,1
类型,1
喜欢,1
輩子,1
發現,1
期待,1
感谢,1
有伤,1
喜欢,1
狮子座,1
心理,1
写照,1
没有,1
挡住,1
办法,1
放下,1
人能,1
嗓子,1
对待,1
早茶,1
喜欢,1
地浅,1
从容,1
选择,1
有权,1
喜欢,1
抽烟,1
女孩,1
火焰,1
海水,1
老师,1
上课时,1
洒脱,1
女孩子,1
无望,1
估计,1
伤感,1
歌坛,1
中国,1
前列,1
选择,1
滚石,1
还有,1
翻过,1
大山,1
感觉,1
大哭,1
大牌,1
导致,1
大哭,1
埋没,1
显示,1
声音,1
只能,1
打磨,1
出来,1
细水,1
磁带,1
正版,1
反复,1
时候,1
听懂,1
狮子,1
姑娘,1
编曲,1
声音,1
原曲,1
看到,1
封皮,1
流星,1
演奏,1
喜欢,1
星座,1
不得,1
有点,1
专辑,1
封面,1
恶意,1
评论,1
没有,1
巨蟹,1
碎落,1
吉他,1
星屑,1
收藏,1
大家,1
曲子,1
開始,1
原曲,1
留言,1
派出,1
星座,1
編曲,1
作曲,1
原曲,1
封面,1
概念,1
粉丝,1
歌词,1
情歌,1
女生,1
首歌,1
个子,1
时候,1
舍不得,1
羡慕,1
部分,1
画龙点睛,1
哼唱,1
时候,1
舍不得,1
拥抱,1
脱下,1
外衣,1
老师,1
女孩,1
诱惑,1
爱渣,1
流泪,1
洗洗,1
情歌,1
久违,1
锁门,1
没有,1
密码,1
放出去,1
设置,1
流泪,1
意思,1
感谢,1
上苍,1
有点,1
放弃,1
生气,1
爱情,1
无关,1
性别,1
时候,1
首歌,1
歌词,1
感情,1
牵手,1
时候,1
性取向,1
世界,1
时候,1
遭遇,1
低谷,1
推歌,1
功课,1
女朋友,1
可爱,1
毕业,1
友情,1
分开,1
室友,1
没有,1
首歌,1
听懂,1
名字,1
蕾丝,1
首歌,1
评论,1
成都,1
四川,1
作词,1
作曲,1
女儿,1
可爱,1
评论,1
星空,1
记得,1
作词,1
实在,1
作曲,1
声线,1
公主,1
处女座,1
告诉,1
合唱,1
压住,1
搭款,1
过度,1
解读,1
表白,1
教室,1
考研,1
希望,1
澄清,1
台独,1
称赞,1
发给,1
说好,1
逼死,1
封面,1
处女座,1
抛弃,1
感觉,1
世界,1
演唱,1
吉他,1
分得,1
台独,1
青天白日,1
觉得,1
魅力,1
三毛,1
相纸,1
了詠,1
全程,1
椅子,1
串联,1
成都,1
磁场,1
椅子,1
希望,1
开场,1
现场,1
巡演,1
接近,1
成为,1
愿意,1
能够,1
希望,1
发现,1
开场,1
现场,1
巡演,1
珠海,1
戒指,1
飞去,1
大哭,1
血液,1
反复,1
诗人,1
小时,1
珠海,1
出新,1
泳镜,1
影子,1
好听,1
同桌,1
专场,1
演唱会,1
首歌,1
不忍,1
晚自习,1
徒劳,1
告诉,1
没有,1
音像店,1
青春,1
买来,1
归于,1
大人,1
长成,1
知道,1
错过,1
摄影,1
特色,1
上乘,1
可爱,1
知遇,1
山高水长,1
不能,1
姿众,1
冷门,1
知道,1
评论,1
看到,1
文化,1
姿态,1
尘埃,1
时间,1
发现,1
暗涌,1
应该,1
时间,1
拭去,1
想触,1
觉得,1
收回,1
漩涡,1
楼顶,1
呼啸,1
文综文,1
悲剧重演,1
东西,1
暗涌,1
想到,1
循环,1
单曲,1
心痛,1
经验,1
风险,1
可能,1
沉淀,1
伙伴,1
需要,1
堆满,1
手机,1
发怒,1
表现,1
涌动,1
感情,1
看见,1
胳肢窝,1
抬头,1
看见,1
头像,1
进去,1
质量,1
保证,1
奸笑,1
分手,1
往外面,1
灌汤,1
无情,1
听歌,1
起来,1
想要,1
选择,1
想见,1
首歌,1
大家,1
酒窝,1
起来,1
觉得,1
补上去,1
任性,1
大哭,1
调皮,1
有点,1
记不住,1
忘不掉,1
时候,1
出来,1
分辨,1
装傻,1
死心,1
心碎,1
没有,1
撞醒,1
值得,1
重拾,1
参与,1
不想,1
没有,1
放手,1
开始,1
放弃,1
属于,1
东西,1
看完,1
尝到,1
电影,1
拥有,1
失去,1
外卖,1
快递,1
不等,1
生离死别,1
相逢,1
用力,1
没有,1
输在,1
发誓,1
陷入,1
骰子,1
红豆,1
答案,1
时间,1
告诉,1
笑醒,1
醒来,1
不肯,1
记得,1
世人,1
资本,1
道理,1
犯错,1
坦白,1
时代,1
声音,1
直入,1
回味,1
歌手,1
期待,1
巨婴,1
补完,1
留下,1
印记,1
习惯,1
歌手,1
喜欢,1
疑心病,1
适合,1
足以,1
时候,1
男人,1
觉得,1
运功,1
洋务,1
重量,1
习惯,1
男孩,1
女孩,1
体现,1
地铁,1
留在,1
只能,1
就算,1
喜欢,1
总会,1
忍不住,1
顺序,1
出场,1
音乐,1
网易,1
喜欢,1
记不住,1
事情,1
喜欢,1
愿意,1
感伤,1
沦陷,1
看着,1
放到,1
讨好,1
刻意,1
我会,1
不会,1
下雨,1
不行,1
轮流转,1
碰到,1
题材,1
境界,1
青蛙,1
期待,1
亲吻,1
隔阂,1
戒备,1
相信,1
希望,1
对方,1
接受,1
歌词,1
化妆品,1
貌似,1
爱我吗,1
设定,1
故事,1
怪人,1
喜歡,1
音乐,1
怪人,1
喜欢,1
发行,1
回来,1
词作者,1
根本就是,1
经历,1
可能,1
歌曲,1
原形,1
编曲,1
身体,1
缺陷,1
希望,1
害怕,1
首歌,1
缝合,1
粤语歌,1
结果,1
没有,1
小朋友,1
首歌,1
爱心,1
喜欢,1
车子,1
家人,1
难产,1
认识,1
办法,1
喜欢,1
女生,1
卫生间,1
刀子,1
失恋,1
吵架,1
恋爱,1
不理,1
觉得,1
回过,1
无人,1
处爱,1
日子,1
信息,1
告诉,1
回头,1
低头,1
遇到,1
女歌手,1
喜欢,1
有点,1
故事,1
不准,1
想念,1
情绪化,1
东西,1
好听,1
热门,1
认识,1
大陆,1
暗示,1
希望,1
对方,1
怀念,1
重回,1
拼命,1
带上,1
陌生人,1
开心,1
情人,1
不会,1
就算,1
感情,1
羡慕,1
知道,1
遇见,1
认识,1
离开,1
可爱,1
听到,1
噩耗,1
胰腺癌,1
天堂,1
希望,1
纹姐,1
值班,1
手机,1
小时候,1
首歌,1
响起,1
脑子里,1
消息,1
传出,1
可能,1
首歌,1
打开,1
消息,1
再见,1
没有,1
世界,1
作品,1
质量,1
整体,1
萌炸,1
级别,1
满面,1
淋淋,1
女歌手,1
说道,1
毕业,1
需要,1
愿意,1
电影票,1
上映,1
银河,1
化作,1
月光,1
世间,1
陨落,1
照亮,1
北极星,1
前路,1
醒来,1
月光,1
获得,1
奖项,1
电影史,1
电影,1
释放,1
值得,1
爱人,1
月光,1
知道,1
首歌,1
感动,1
回到,1
女星,1
拉开,1
开始,1
小学,1
爱人,1
月光,1
感谢,1
力量,1
看到,1
开心,1
再见,1
样子,1
希望,1
起来,1
世界,1
落幕,1
经典,1
时代,1
宣泄,1
发疯,1
躯壳,1
需要,1
歌手,1
皱眉,1
网络,1
发达,1
华人,1
女歌手,1
颁奖礼,1
跟不上,1
节奏,1
知道,1
认为,1
路线,1
女歌手,1
倒退,1
起来,1
惊叹,1
时候,1
唱歌,1
首歌,1
消息,1
暴露,1
年龄,1
觉得,1
编曲,1
洋气,1
新来,1
大笑,1
不够,1
支持,1
原唱,1
支持,1
跑调,1
原唱,1
感情,1
觉得,1
投入,1
杭州,1
告诉,1
写信,1
高音,1
提高,1
翻唱,1
胡叶,1
杭州,1
来自,1
处理,1
好听,1
地方,1
跑调,1
灵魂,1
黑洞,1
原因,1
美国,1
发展,1
撇嘴,1
没有,1
天堂,1
女歌手,1
喜欢,1
舞曲,1
喜欢,1
代代,1
对比,1
流传,1
唱片,1
吉他,1
团队,1
超前,1
男人,1
喜欢,1
屁股,1
内心,1
臀舞,1
扭法,1
了电,1
选拔,1
超女,1
忘不了,1
老歌,1
放到,1
流泪,1
接受,1
不了,1
面对,1
能量,1
流泪,1
时候,1
乐坛,1
锥子,1
眼睛,1
磁带,1
首歌,1
截停,1
出来,1
力气,1
没有,1
事情,1
首歌,1
喜欢,1
暴露,1
年龄,1
老歌,1
小时,1
推荐,1
情歌,1
经典,1
说法,1
妈妈,1
女儿,1
唱功,1
素养,1
体现,1
小时候,1
代言人,1
柠檬,1
晚安,1
姐姐,1
大家,1
带给,1
可能,1
整宿,1
关爱,1
上学,1
音乐,1
电影,1
原创,1
流泪,1
独孤,1
没有,1
万物,1
首歌,1
女神,1
时空,1
月球,1
题材,1
旋律,1
形态,1
沐浴,1
变成,1
不想,1
嗓子,1
适合,1
术业,1
好看,1
出来,1
震撼,1
流泪,1
震撼,1
男朋友,1
想要,1
跟着,1
唱开,1
音量,1
没有,1
开头,1
舍不得,1
喝掉,1
尺度,1
奸笑,1
扭腰,1
大哭,1
结婚,1
好莱坞,1
暴漏,1
年龄,1
大哭,1
契合,1
勇气可嘉,1
超越,1
参加,1
看到,1
歌手,1
时刻,1
安排,1
相遇,1
没有,1
音乐,1
网易,1
流行,1
轰炸,1
柠檬,1
可能,1
放到,1
鸡笼,1
缺乏,1
没有,1
离开,1
开心,1
自述,1
戳心,1
希望,1
天堂,1
女人,1
收录,1
天籁,1
秒杀,1
流行,1
作品,1
知名度,1
主题曲,1
美国,1
评论,1
听的歌,1
首歌,1
泰国,1
美国,1
母语,1
歌手,1
流行歌曲,1
音阶,1
小调,1
穿越,1
天使,1
回味,1
落泪,1
灵魂,1
隐匿,1
神曲,1
来到,1
给毁,1
道理,1
好曲,1
男孩,1
首歌,1
想起,1
没有,1
歌曲,1
冷门,1
电视,1
粉丝,1
隐藏,1
棒子,1
打死,1
词句,1
青峰,1
夕爷,1
生活,1
冷门,1
专辑,1
感冒,1
淋雨,1
吹风,1
大哭,1
歌曲,1
冷门,1
觉得,1
没有,1
歌曲,1
基友,1
双手,1
南山路,1
惯性,1
眼泪,1
酒球,1
天目山,1
身体,1
形式,1
放下,1
杭州,1
利群,1
杭州,1
首歌,1
济南,1
没有,1
可能,1
妈妈,1
松岭,1
青岛,1
小鱼,1
天堂,1
加入,1
俱乐部,1
火机,1
保管,1
利群,1
相信,1
节目,1
人会,1
湖水,1
希望,1
伤肺,1
吸烟,1
伤心,1
耳朵,1
异地,1
私信,1
洗衣,1
起床,1
毅力,1
属于,1
情感,1
音乐,1
时候,1
首歌,1
小女孩,1
感觉,1
听多,1
听听,1
出来,1
语音,1
晚安,1
放弃,1
蜷缩,1
体会,1
身影,1
西安,1
甘肃,1
问题,1
时候,1
知道,1
回头,1
没有,1
人生,1
女朋友,1
纠结,1
姑娘,1
就让,1
歌手,1
应该,1
姿态,1
觉得,1
灵魂,1
营造,1
音乐,1
学员,1
喜欢,1
冠军,1
没有,1
出来,1
赚钱,1
研究,1
学员,1
迷藏,1
全部歌曲,1
上线,1
灵魂,1
核心,1
直抵,1
音乐,1
有序,1
饱满,1
毛笔,1
写出,1
歌名,1
看到,1
觉得,1
谐音,1
听懂,1
达成,1
人声,1
声音,1
想起,1
姑娘,1
不起,1
首歌,1
赐给,1
是非,1
想要,1
到达,1
期许,1
感觉,1
失恋,1
地方,1
女人,1
见到,1
找到,1
结果,1
看到,1
大家,1
离开,1
试探,1
离别,1
朋友,1
值得,1
错过,1
文案,1
唱片,1
新娘,1
歌单,1
放在,1
宿舍,1
发现,1
空空,1
首歌,1
喜欢,1
经验,1
送给,1
温格,1
撇嘴,1
隧道,1
芙蓉,1
意思,1
一束花,1
经历,1
失恋者,1
有着,1
接受,1
不变,1
失去,1
吵架,1
女朋友,1
玫瑰,1
意思,1
期待,1
不会,1
错过,1
小时,1
广东,1
名言,1
爱情,1
看到,1
歌名,1
喜欢,1
考验,1
经受,1
承认,1
纠缠,1
可惜,1
感觉,1
不到,1
备胎,1
人游,1
版本,1
不信,1
还有,1
洗澡,1
水资源,1
时候,1
装作,1
估计,1
靠近,1
说话,1
记得,1
喜欢,1
丢掉,1
轻松感,1
负重,1
备胎,1
悬挂,1
轮胎,1
感动,1
沸羊,1
歌曲,1
属于,1
就算,1
眼泪,1
出来,1
邻家,1
广州,1
打拼,1
音乐,1
感觉,1
广州,1
广播,1
团团,1
高州,1
喜欢,1
钟情,1
声音,1
广高,1
广播,1
广播,1
喜欢,1
广播,1
广高,1
可爱,1
监制,1
广播,1
广高,1
广播,1
广高,1
报道,1
星草,1
广播,1
姐姐,1
开心,1
广播,1
团团,1
时带,1
爱心,1
声音,1
监制,1
广播,1
表白,1
广播,1
允许,1
听到,1
流泪,1
版权,1
真帅,1
样子,1
激励,1
热情,1
喜欢,1
版权,1
感觉,1
发现,1
评论,1
版权,1
市区,1
进面,1
公务员,1
见识,1
眼光,1
喜欢,1
偷窥,1
留言板,1
青春,1
陪伴,1
舞台,1
朋友,1
大家,1
朋友,1
大家,1
春风,1
花儿,1
蜂鸟,1
青峰,1
直到,1
喜欢,1
开心,1
下班,1
回家,1
路过,1
结婚证,1
朋友,1
爱情,1
嫁给,1
翻唱,1
听到,1
版本,1
花都,1
盛开,1
首歌,1
预感,1
听到,1
放弃,1
复合,1
双数,1
看到,1
想想,1
看着,1
死于,1
理科,1
男二,1
剧本,1
感觉,1
击中,1
东西,1
加油,1
中考,1
录取,1
不想,1
内心,1
人生,1
发现,1
害怕,1
发现,1
长安城,1
没有,1
女孩,1
男朋友,1
继续,1
骂人,1
听说,1
夹竹桃,1
转转,1
挑开,1
衣服,1
想起,1
嫦娥,1
喜欢,1
女人,1
不会,1
歌手,1
听说,1
回家,1
戏子,1
公主,1
还有,1
事情,1
活着,1
大街,1
开始,1
心碎,1
负心郎,1
硬气,1
七爷,1
木瓜,1
能炸,1
学渣,1
不了,1
大家,1
上线,1
鬼压床,1
小鬼,1
趴在,1
儿子,1
送到,1
消息,1
花都,1
盛开,1
有没有,1
起来,1
女孩,1
苹果机,1
欣赏,1
喜欢,1
手机,1
喜欢,1
不会,1
路灯,1
蒙住,1
春风,1
变成,1
女儿,1
小子,1
感受,1
广州,1
城市,1
时候,1
盘算着,1
感到,1
随礼,1
吃席,1
不用,1
掏出,1
身份,1
手机,1
相信,1
处女,1
真情,1
认识,1
推向,1
阴影,1
收藏,1
方法,1
下载,1
没有,1
不得,1
喜欢,1
病人,1
剩下,1
时间,1
愿意,1
喜欢,1
离婚,1
适合,1
大爷,1
夸夸,1
曲风,1
请问,1
麋鹿,1
遇到,1
不会,1
女巫,1
蹦蹦跳跳,1
魔法,1
小脚,1
睡觉,1
讲故事,1
首歌,1
发誓,1
颜值,1
透明,1
趋向,1
副歌,1
目标,1
毫无,1
关联,1
不会,1
遇到,1
女巫,1
在意,1
不会,1
裙子,1
等待,1
活着,1
朗读,1
童话,1
出来,1
忘记,1
传来,1
草莓,1
角落里,1
选人,1
垃圾堆,1
不能,1
梦境,1
铭记,1
我会,1
完整版,1
好听,1
生活,1
不了,1
赶去,1
添加,1
回来,1
喜欢,1
课程,1
老师,1
学校,1
胜过,1
繁星,1
光芒,1
知道,1
看到,1
不能,1
系统,1
知道,1
地方,1
寻找,1
走过,1
首歌,1
预感,1
推到,1
网络,1
喜欢,1
一个男孩,1
没找,1
钱包,1
女孩,1
首歌,1
收藏,1
不加,1
仇恨,1
有缘,1
世间,1
没有,1
手术,1
不了,1
长大,1
孩子,1
结婚,1
留在,1
愿望,1
外公,1
病房,1
妈妈,1
云村,1
首歌,1
结尾,1
脱帽,1
耳机,1
联系,1
走路,1
得缩,1
外公,1
玫瑰,1
外婆,1
看看,1
奶奶,1
回来,1
胃癌,1
海棠花,1
解开,1
系上,1
死结,1
希望,1
认识,1
不能,1
算了,1
长命百岁,1
小气鬼,1
问题,1
还有,1
克制,1
欺骗,1
好像,1
感情,1
打探,1
拼命,1
消息,1
首歌,1
起来,1
希望,1
知道,1
没有,1
起来,1
添加,1
回来,1
喜欢,1
网红,1
视频,1
感觉,1
资格,1
怀念,1
送出,1
首歌,1
电脑,1
电脑,1
平板,1
评论,1
送台,1
平板,1
承受,1
没有,1
任何借口,1
无法,1
知道,1
开心,1
超大,1
脾气,1
不想,1
风度,1
温度,1
结尾,1
遇到,1
躲进,1
快餐,1
理由,1
像是,1
夕阳,1
女孩,1
时候,1
零食,1
时候,1
妹妹,1
陷于,1
个人,1
奔赴,1
离开,1
理由,1
没有,1
转体,1
回旋加速,1
旋转,1
表达,1
表白,1
心意,1
总会,1
混音,1
滚动,1
男人,1
期待,1
信息,1
爱情,1
嫁给,1
感觉,1
喜欢,1
月亮,1
相遇,1
总会,1
能够,1
止损,1
做到,1
喜欢,1
相遇,1
欣赏,1
花都,1
盛开,1
音乐,1
人类,1
救命,1
迎接,1
没有,1
意思,1
带来,1
家庭,1
原生,1
照着,1
发现,1
月亮,1
胜过,1
繁星,1
光芒,1
音色,1
算是,1
实验性,1
炸掉,1
中国,1
流入,1
歌词,1
胖别,1
现场,1
时候,1
调皮,1
意思,1
翻译,1
胖哥,1
说唱,1
看到,1
胖别,1
适合,1
江湖,1
脏话,1
讲完,1
聪哥,1
手机,1
失误,1
消音,1
开心,1
蹦极,1
像是,1
没读,1
出来,1
显摆,1
普通话,1
塑料,1
玩弄,1
热情,1
大家,1
好听,1
四川话,1
说唱,1
乐山,1
采用,1
说唱,1
出来,1
主页,1
网易,1
感谢,1
成都,1
说唱,1
海选,1
大笑,1
想要,1
高考,1
实现,1
复读,1
脑子里,1
知道,1
可能,1
改变,1
帮忙,1
大家,1
株洲,1
代表,1
导致,1
瘫痪,1
交通,1
民族,1
世界,1
吆喝,1
不见,1
江湖,1
月黑风高,1
看到,1
朋友,1
外地,1
流行,1
口水,1
歌词,1
没有,1
时候,1
树立,1
节约资源,1
坚持,1
株洲,1
扫黄,1
大队,1
江湖,1
笔下,1
国人,1
说唱,1
放大,1
不会,1
发光,1
金子,1
妈妈,1
大哭,1
没事,1
亲戚朋友,1
只能,1
冠军,1
挣扎,1
底层,1
说唱,1
专场,1
中国,1
节目,1
见证,1
帝国,1
首歌,1
傻哥,1
听说,1
朋友,1
大笑,1
方式,1
音乐性,1
障碍,1
长沙,1
秘密,1
碰到,1
跳舞,1
入海流,1
黄海,1
傻哥,1
发现,1
保留,1
障碍,1
发作,1
双相,1
救场,1
没输,1
导师,1
故事,1
时候,1
学习,1
首歌,1
演出,1
犯法,1
法老,1
加油,1
开除,1
学校,1
耳机,1
看起来,1
女孩子,1
首歌,1
起来,1
法老,1
法老,1
卖房,1
听说,1
战场,1
学生,1
大板,1
不行,1
法海,1
弟弟,1
适合,1
时候,1
作业,1
法老,1
沙雕,1
押韵,1
好看,1
起来,1
叔叔,1
老实人,1
节目,1
法老,1
说唱,1
参加,1
中国,1
吓死,1
音乐,1
主歌,1
还有,1
咬字,1
音色,1
声音,1
好听,1
好像,1
黑幕,1
法老,1
裤子,1
画面,1
法老,1
属实,1
小时候,1
老实人,1
法酱,1
大众,1
符合,1
唱法,1
想起,1
前奏,1
黄浦江,1
奖学金,1
老子,1
不用,1
喜欢,1
首歌,1
青春,1
出现,1
喜欢,1
惦念,1
没有,1
但愿,1
能够,1
告白,1
组合,1
不火,1
高考,1
加油,1
还有,1
淋进,1
暴雨,1
山谷,1
回音,1
值得,1
相配,1
星座,1
回车,1
大学,1
时候,1
放假,1
相爱,1
总能,1
回头草,1
算了,1
留在,1
就让,1
发怒,1
爆火,1
扭曲,1
曲解,1
说唱,1
肯定,1
名人堂,1
傻哥,1
节目,1
不能,1
节目,1
鱼塘,1
意见,1
说唱,1
扭曲,1
重点,1
说唱,1
弹幕,1
了解,1
觉得,1
宣传,1
男人,1
沧桑感,1
让位,1
钢笔,1
英雄,1
江湖,1
气势,1
感觉,1
读书,1
说唱,1
时候,1
音色,1
现场,1
不能,1
继父,1
报复,1
拆穿,1
故事,1
高山流水,1
流亡,1
起来,1
故事,1
音乐节,1
认识,1
转过,1
大喊,1
前奏,1
上升,1
拿出,1
女生,1
滴血,1
写出,1
理智,1
应该,1
女孩子,1
意思,1
不到,1
法老,1
忘不了,1
纹身,1
看到,1
客人,1
远离,1
歌曲,1
暗黑,1
细纹,1
不会,1
知道,1
我情,1
何物,1
药物,1
挣扎,1
穿入,1
还有,1
歌曲,1
广场,1
跳跃,1
旋转,1
皇宫,1
太监,1
跳跃,1
电视机,1
钟情,1
骚受,1
舞娘,1
听到,1
知道,1
淋语,1
出自,1
大家,1
起哄,1
是求,1
流泪,1
调戏,1
跳跃,1
旋转,1
大哭,1
孩子,1
转眼,1
哀伤,1
时候,1
老板,1
网吧,1
首歌,1
网吧,1
首歌,1
超越,1
版本,1
歌手,1
感觉,1
军训,1
出名,1
全班,1
女儿,1
查封,1
网吧,1
时候,1
结果,1
作文,1
网吧,1
女孩,1
播放,1
男生,1
喜欢,1
是直,1
知道,1
时候,1
精神,1
乐坛,1
烙印,1
风格,1
首歌,1
同类,1
翻唱,1
歌手,1
舞曲,1
芭比娃娃,1
收集,1
珍素,1
翻唱,1
了噜,1
女歌手,1
美日韩,1
竞争,1
下半身,1
诗人,1
流浪汉,1
看看,1
绯闻,1
证明,1
耳刮子,1
姑娘,1
警世,1
气质,1
滋养,1
歌词,1
应该,1
知道,1
喜欢,1
催眠,1
忽视,1
首歌,1
低估,1
舞曲,1
打造,1
应该,1
国家,1
应该,1
现象,1
现代派,1
洞悉,1
诗人,1
经典,1
没法,1
需要,1
成为,1
佳话,1
天后,1
质量,1
乐坛,1
交出,1
音乐盛典,1
亚洲,1
表示,1
留言,1
惊呆,1
中国,1
萝莉,1
场子,1
得到,1
表情,1
神态,1
能出,1
流水,1
活路,1
交椅,1
点儿,1
往事,1
首歌,1
起来,1
淋淋,1
小鸡,1
首歌,1
网络,1
适合,1
欧美音乐,1
冲一,1
看来,1
爱情,1
飞儿,1
爱情,1
江南,1
魔幻,1
调皮,1
前奏,1
遥控器,1
掌握,1
网友,1
事情,1
送给,1
在座,1
爱情,1
知道,1
叫做,1
觉得,1
男人,1
女人,1
暴露,1
年龄,1
基友,1
认识,1
假装,1
手机,1
全都,1
爱情,1
备胎,1
女神,1
量变,1
还有,1
爱情,1
结婚,1
意见,1
人家,1
讯号,1
分手,1
注意,1
公举,1
循环,1
收到,1
喜欢,1
音乐,1
怀旧,1
网易,1
魔力,1
超好,1
曲子,1
歌词,1
时代,1
院子,1
记得,1
旋律,1
围观,1
群众,1
离场,1
办公室,1
懵懂,1
老师,1
大哭,1
唱腔,1
东北,1
昆凌,1
时候,1
出现,1
孩子,1
出生,1
分手,1
城堡,1
暗语,1
专辑,1
磁带,1
没了,1
表情,1
大哭,1
开心,1
制作,1
纷扰,1
话筒,1
女同事,1
歌曲,1
觉得,1
存在,1
碎念,1
女孩,1
收藏,1
进来,1
消息,1
首歌,1
评论,1
精神,1
乐坛,1
烙印,1
高考,1
考场,1
采访,1
骚受,1
全系,1
军训,1
语言,1
名字,1
同志,1
首歌,1
想象,1
锁定,1
眼神,1
洗脑,1
经典,1
淋语,1
教材,1
首歌,1
视频,1
背景音乐,1
报纸,1
媒体,1
淋语,1
本质,1
教学,1
关注,1
补唇,1
指自,1
锁定,1
眼睛,1
死神,1
唱歌,1
演戏,1
时期,1
老娘,1
蹦出来,1
前奏,1
歌曲,1
好像,1
乐坛,1
翻身,1
转型,1
回归,1
歌手,1
发片,1
标签,1
再见,1
丑小鸭,1
结尾,1
首歌,1
爱情,1
女神,1
亲亲,1
整容,1
悔得,1
室友,1
老子,1
大哭,1
耳朵,1
洗完,1
女朋友,1
消失,1
塞纳河,1
继续,1
回来,1
留言,1
消失,1
发完,1
铁杆,1
钢管,1
幻想,1
黑夜,1
漫长,1
划过,1
演唱会,1
首歌,1
应援,1
电影,1
主题,1
觉得,1
飞起,1
感觉,1
大笑,1
蓝色,1
身穿,1
服装,1
排练,1
首歌,1
知道,1
唱的歌,1
选择,1
比赛,1
流眼泪,1
整整,1
魔力,1
月亮,1
水底,1
首歌,1
清河,1
循环,1
觉得,1
地方,1
乐器,1
样子,1
打鼓,1
外表,1
工作,1
关系,1
淡忘,1
排名,1
留下来,1
虫子,1
时候,1
想到,1
包容,1
乐队,1
魅力,1
学校,1
清河,1
考上,1
翻唱,1
版本,1
全程,1
清河,1
提到,1
首歌,1
时候,1
好像,1
喜欢,1
再有,1
电话,1
陌生,1
来电,1
眼泪,1
空洞,1
眼神,1
眼光,1
前任,1
车辆,1
自带,1
东西,1
回忆,1
青春,1
结束,1
首歌,1
骗过,1
难受,1
讨厌,1
男孩子,1
时候,1
知道,1
女孩,1
评论,1
秘密,1
首歌,1
老实,1
懂事,1
表白,1
开心,1
现场,1
治疗学,1
告别,1
回南,1
普通话,1
不能,1
没有,1
名字,1
报备,1
对方,1
可能,1
喜欢,1
不想,1
差点,1
时间,1
感觉,1
首歌,1
时候,1
全程,1
时候,1
属于,1
取决于,1
机率,1
开始,1
等待,1
音乐,1
独立,1
对岸,1
女孩,1
不回,1
颜色,1
音乐,1
物质,1
飞车,1
落日,1
盘尼西林,1
拥抱,1
皮肤,1
扎进,1
热情,1
认识,1
时候,1
打伞,1
淋湿,1
头发,1
请问,1
椅子,1
类型,1
看着,1
听歌,1
好听,1
独立,1
乐队,1
承受,1
牵绊,1
流泪,1
山海,1
不可,1
回忆,1
前任,1
转身,1
洞府,1
神兵,1
山海,1
可渡,1
降怜,1
音乐,1
没法,1
感受,1
意见,1
特例,1
感谢,1
国家,1
反垄断,1
福气,1
版权,1
后头,1
歌词,1
感受,1
途径,1
山海,1
转身,1
撞击,1
男生,1
没见,1
朋友,1
分享,1
氧气,1
臭屁,1
氨气,1
转晴,1
总会,1
心情,1
空气,1
看不见,1
觉得,1
歌名,1
情歌,1
小民,1
写给,1
空气,1
男孩子,1
开心,1
女孩子,1
构思,1
颜色,1
心情,1
感觉,1
陷入,1
选秀,1
是从,1
女团,1
森林,1
融化,1
绿子,1
吉他,1
小民,1
好帅,1
喜欢,1
党妹,1
资格,1
没有,1
送给,1
网易,1
情侣,1
后悔,1
卸载,1
回来,1
音乐,1
流泪,1
发力,1
访客,1
偷听,1
听的歌,1
纠缠,1
没有,1
留住,1
没有,1
所有人,1
爱河,1
属于,1
台湾,1
女士,1
喜欢,1
秘诀,1
停止,1
像是,1
首歌,1
觉得,1
知道,1
想象,1
思想,1
出现,1
撞了人,1
脑瓜子,1
淡出,1
疑惑,1
行程,1
证明,1
见证,1
面试,1
好像,1
道歉,1
首歌,1
收藏,1
回来,1
戳戳,1
男孩子,1
离有,1
男朋友,1
玩家,1
时间,1
禁止,1
不能,1
时候,1
背景音乐,1
错过,1
爱人,1
意思,1
奔跑,1
寻找,1
感觉,1
结婚,1
男孩,1
恋爱,1
回回,1
睡到,1
小猪,1
首歌,1
预感,1
听到,1
錯誤,1
變成,1
例如,1
被动,1
不够,1
错过,1
建议,1
男孩,1
个人,1
情绪,1
觉得,1
出来,1
院校,1
考研,1
人们,1
盘旋,1
习惯,1
理性,1
老师,1
好听,1
哥们,1
首歌,1
伤心,1
希望,1
喜欢,1
被动,1
参加,1
成败,1
被动,1
难忘,1
无比,1
感情,1
男孩,1
路过,1
城市,1
埋葬,1
回头,1
世界,1
上有,1
感谢,1
原因,1
时候,1
小容,1
猪头,1
没有,1
怨言,1
信息,1
看着,1
婚纱,1
再见,1
领证,1
没有,1
循环,1
开始,1
等到,1
好像,1
肠胃炎,1
同款,1
弥补,1
希望,1
志愿,1
电影,1
回来,1
刷歌,1
玩笑,1
开洋,1
終點,1
回頭,1
老師,1
哥哥,1
结婚,1
护短,1
需要,1
人家,1
成全,1
伤怀,1
听歌,1
伤心,1
风能,1
感冒,1
吹醒,1
没唱,1
女朋友,1
感觉,1
觉得,1
人家,1
错过,1
属于,1
在意,1
说话,1
联系,1
总会,1
撇下,1
觉得,1
人家,1
痴情,1
获得,1
使得,1
晚安,1
觉得,1
妈妈,1
少女,1
炸鸡,1
人民广场,1
网易,1
希望,1
版权,1
总会,1
世界,1
等到,1
音乐节,1
翻唱,1
录音,1
往前走,1
回头,1
作为,1
挥霍,1
网易,1
对话,1
感觉,1
可爱,1
羡慕,1
难过,1
不会,1
不到,1
好听,1
亲亲,1
考研,1
难过,1
得知,1
伤怀,1
听歌,1
伤心,1
知道,1
前男友,1
版权,1
回来,1
浪费,1
没有,1
时间,1
心动,1
买单,1
时候,1
雨水,1
能力,1
日子,1
难过,1
情绪,1
问题,1
克制,1
回来,1
版权,1
时候,1
网易,1
上架,1
想想,1
只能,1
鞭炮,1
古人,1
发明,1
自带,1
声音,1
催泪,1
喜欢,1
首歌,1
告诉,1
不会,1
时候,1
唱歌,1
胖纸,1
存在,1
超过,1
好感,1
网易,1
还好,1
放弃,1
朋友,1
新娘,1
不成,1
时候,1
忘记,1
薪水,1
表示,1
拥有,1
姓名,1
版本,1
喜欢,1
生疏,1
地步,1
手腕,1
书包,1
新歌,1
沉湎,1
诗画,1
浮夸,1
感覺,1
成為,1
原因,1
考研,1
高考,1
舍友,1
说谎,1
没有,1
想象,1
泛起,1
山河,1
没有,1
希望,1
喜欢,1
绿子,1
喜欢,1
程度,1
喜马拉雅山,1
遇见,1
付出,1
脸红,1
胜过,1
女子,1
说话,1
起来,1
难过,1
追星,1
宇宙,1
献给,1
喜欢,1
时候,1
发呆,1
时代,1
文艺,1
变得,1
星空,1
太阳,1
生活,1
声音,1
耳机,1
评论,1
逼格,1
看到,1
老娘,1
网易,1
大哭,1
喜欢,1
发觉,1
时候,1
起来,1
好吃,1
难过,1
博弈,1
分享,1
逼格,1
看看,1
装帧,1
故事,1
不到,1
分享,1
首歌,1
世界,1
写满,1
翻唱,1
真谛,1
歌手,1
首歌,1
大家,1
叫做,1
称号,1
首歌,1
怪叫,1
觉得,1
可爱,1
水平,1
超过,1
爱心,1
好友,1
共聚,1
感觉,1
像是,1
听来,1
听去,1
不会,1
合唱,1
用力,1
失恋,1
卖唱,1
声音,1
低音炮,1
感觉,1
声音,1
首歌,1
原唱,1
唱腔,1
入市,1
车窗,1
城市边缘,1
焊死,1
声音,1
喜欢,1
首歌,1
歌手,1
暴露,1
星光,1
大道,1
支持,1
希望,1
不会,1
活该,1
放不下,1
方式,1
路过,1
太平洋,1
家鸽,1
大哭,1
磨练,1
偏低,1
声线,1
金曲,1
翻唱,1
选曲,1
听到,1
好听,1
声音,1
不会,1
肚子,1
可爱,1
看着,1
大家,1
小时,1
辣鸡,1
起来,1
淘气,1
还有,1
飞车,1
落日,1
飞车,1
循环,1
晚安,1
回来,1
告诉,1
结束,1
回家,1
小心,1
音质,1
好听,1
差点,1
声音,1
首歌,1
感觉,1
版本,1
落日,1
位置,1
星光,1
大道,1
还好,1
不想,1
喜欢,1
感到,1
爷青,1
版权,1
回来,1
高音,1
毁灭,1
世界,1
流泪,1
一座座,1
声音,1
歌手,1
喜欢,1
认定,1
不能,1
双手,1
坠毁,1
运行,1
皱了,1
外婆,1
老年痴呆症,1
演唱,1
作曲,1
脑子里,1
得救,1
干儿子,1
小孩,1
捐款,1
开口,1
爸爸,1
想到,1
不在,1
同学,1
地震,1
讨论,1
爸爸,1
時候,1
自立,1
爸爸,1
姐姐,1
坠河,1
鼻子,1
眼眶,1
含泪,1
首歌,1
还有,1
喜欢,1
成都,1
父亲,1
母亲,1
爱心,1
感兴趣,1
歌曲,1
首歌,1
妈妈,1
天堂,1
送送,1
高粱,1
豆官,1
民族,1
震撼,1
动听,1
旁观,1
当事人,1
哀伤,1
入党,1
片尾曲,1
整部,1
音乐,1
资格赛,1
女子,1
祖国,1
结局,1
好听,1
妈妈,1
前线,1
致敬,1
电视剧,1
原声,1
震撼,1
挣扎,1
感觉,1
请举手,1
感觉,1
毛事,1
太棒,1
知道,1
嗓音,1
时候,1
团长,1
没有,1
乐坛,1
首歌,1
流泪,1
唱功,1
体重,1
乐坛,1
天生,1
适合,1
嗓子,1
态度,1
没有,1
歌手,1
奋斗,1
光环,1
献给,1
表示,1
不服,1
结尾,1
作文题目,1
我会,1
失去,1
父亲,1
知道,1
人品,1
照顾,1
住院,1
药房,1
社会,1
人性,1
知道,1
排行,1
首歌,1
不知,1
人们,1
热门,1
流泪,1
致敬,1
救命恩人,1
嫁错,1
感冒,1
上吊,1
西东,1
正义,1
给出,1
爱心,1
首歌,1
老师,1
震撼,1
心灵,1
喜欢,1
情谊,1
唱出,1
结束,1
荧幕,1
起舞,1
选择,1
做好,1
英雄,1
时代,1
老婆,1
证明,1
无人,1
零枝,1
东西,1
集体主义,1
生活,1
舞台,1
感叹,1
应该,1
慰问,1
母亲,1
重庆,1
印象,1
爱意,1
女人,1
驼铃声,1
退伍,1
代人,1
勇气,1
绽放,1
感情,1
一代人,1
遗忘,1
承受,1
看好,1
中国,1
建成,1
要死,1
时候,1
拉萨贡嘎机场,1
首歌,1
青藏高原,1
听到,1
顾及,1
样子,1
吃饭,1
集团,1
工作人员,1
开路先锋,1
中铁,1
希望,1
铁路,1
大哭,1
老师,1
角落,1
日喀则,1
结果,1
铁路,1
葬礼,1
室友,1
西藏,1
解放,1
高铁,1
火车,1
守护,1
热情,1
首歌,1
歌手,1
决赛,1
时尚,1
相信,1
高原,1
成为,1
踏上,1
西藏,1
刷新,1
认知,1
专辑,1
先生,1
请来,1
自闭症,1
感觉,1
建塔,1
生活,1
觉得,1
小孩,1
首歌,1
大家,1
爱心,1
母亲,1
小孩子,1
希望,1
世界,1
上能,1
意义,1
年轻人,1
没有,1
变老,1
拥有,1
可能,1
孩子,1
老师,1
喜欢,1
辣椒酱,1
歌手,1
流量,1
实力,1
人间,1
剧场,1
起来,1
个费,1
专辑,1
不收,1
配得,1
独唱,1
老师,1
作品,1
风格,1
歌手,1
厂牌,1
六边形,1
能量,1
时刻,1
灾区,1
奋斗,1
生活,1
得到,1
争取,1
嘲讽,1
享受,1
蔷薇,1
作为,1
可能,1
觉得,1
消极,1
生活,1
大陆,1
喜欢,1
账号,1
歌手,1
加油,1
喜欢,1
时光,1
人心,1
暖流,1
首歌,1
月光,1
发觉,1
朋友,1
恋人,1
变成,1
样子,1
感叹,1
看到,1
需要,1
回应,1
不能,1
水母,1
上课,1
妓女,1
耳朵,1
想要,1
分享,1
没有,1
感动,1
森林,1
世界,1
星空,1
流泪,1
伤心,1
说好,1
感动,1
火星,1
首歌,1
失去,1
妈妈,1
想到,1
有点,1
大孤山,1
生命,1
看到,1
人们,1
忘记,1
应该,1
宣判,1
妈妈,1
首歌,1
希望,1
字字,1
回来,1
男人,1
真假,1
妓女,1
时间,1
过太,1
浪费,1
唱词,1
闽南,1
歌仔戏,1
公主,1
血书,1
际遇,1
大门,1
选课,1
老师,1
高考,1
能身,1
希望,1
鼓掌,1
吓住,1
还好,1
调戏,1
假扮,1
官员,1
还有,1
故事,1
求救,1
出走,1
传播,1
闽南,1
中原,1
素衣,1
改换,1
时间,1
感觉,1
走入,1
蚊蝇,1
小孩,1
走兽,1
不用,1
还好,1
纠结,1
离开,1
没有,1
闷头,1
消息,1
小时,1
故人,1
放下,1
总得,1
礼貌,1
热心,1
义气,1
关系,1
没有,1
欺骗,1
喜欢,1
首歌,1
关系,1
感受,1
有空,1
推荐,1
没空,1
能力,1
爱人,1
母亲,1
赋予,1
能够,1
可能,1
诗诗,1
看到,1
点开,1
诗诗,1
话本,1
感情,1
身骑,1
绿洲,1
超越,1
首歌,1
担心,1
没毁,1
看剧,1
诗诗,1
好听,1
声音,1
整体,1
创作,1
插足,1
希望,1
知道,1
电视剧,1
期待,1
没有,1
见得,1
时候,1
人间,1
药石,1
难解,1
唱法,1
古风,1
改变,1
祁镇,1
经历,1
束缚,1
阴影,1
教训,1
忘记,1
大家,1
不该,1
起来,1
时候,1
觉得,1
得到,1
女孩,1
坏女孩,1
欲念,1
得到,1
生活,1
忠心,1
抨击,1
价值观,1
伴奏,1
起来,1
听到,1
感觉,1
插曲,1
心坎,1
红心,1
不用,1
亲亲,1
作词,1
作曲,1
看清,1
觉得,1
坚强,1
保护,1
云友,1
開頭,1
歌詞,1
老师,1
时候,1
离开,1
隧道,1
宜蘭,1
地方,1
部分,1
开头,1
唱歌,1
汕头人,1
强行,1
走到,1
热门,1
占有,1
首歌,1
宜兰,1
用来,1
比喻,1
书写,1
已有,1
系统,1
演唱会,1
全场,1
熟悉,1
眷恋,1
好感,1
隧道,1
台灣,1
眉毛,1
得到,1
时候,1
白马,1
身骑,1
失落,1
首歌,1
听到,1
大哭,1
歌会,1
变成,1
美美,1
衣服,1
单身,1
运动,1
遇到,1
学习,1
应该,1
机动车,1
座位,1
铃声,1
手机,1
大哭,1
才能,1
大哭,1
小猫,1
嗓音,1
可爱,1
好吃,1
品牌,1
来源于,1
男朋友,1
礼物,1
星光,1
大家,1
唱作,1
歌手,1
过客,1
记得,1
漫游,1
觉得,1
生活,1
完成,1
可爱,1
首歌,1
首歌,1
苏打,1
编曲,1
跳进,1
爱河,1
中国,1
菲律宾,1
日本,1
差点,1
举起,1
沙洲,1
失恋,1
话剧,1
头发,1
花生,1
囿于,1
湖海,1
山川,1
委屈,1
觉得,1
妈妈,1
中国,1
甩头,1
现场,1
结婚,1
相爱,1
厨房,1
山川,1
内心,1
厨房,1
致命,1
可知,1
归于,1
爱情,1
穿越,1
囿于,1
来自,1
限号,1
电影,1
诗歌,1
结果,1
河流,1
星辰,1
方法,1
寫作,1
書店,1
獨立,1
颐和园,1
妈妈,1
湖海,1
民谣,1
歌单,1
出现,1
看到,1
民谣,1
歌单,1
娃娃,1
外婆,1
衣服,1
对方,1
孩子,1
朋友,1
派对,1
朋友,1
乐团,1
人场,1
首场,1
出歌,1
乐队,1
音乐,1
网易,1
玩具,1
考试,1
大风,1
放在,1
满头,1
长大,1
鲨鱼,1
辣椒,1
简称,1
派对,1
草东,1
冰棒,1
还有,1
晒太阳,1
右手,1
晒太阳,1
手握,1
适合,1
好看,1
奸笑,1
解释,1
爸妈,1
孩子,1
网站,1
唱片,1
限量版,1
时候,1
才能,1
感觉,1
有点,1
封面,1
喜欢,1
老师,1
旅行团,1
朋友,1
反应,1
表示,1
看到,1
终极,1
名字,1
感觉,1
虚拟,1
能力,1
声音,1
碎片,1
呐得,1
艺术家,1
出来,1
流水,1
知道,1
现场,1
河水,1
学会,1
倾听,1
回头,1
愿意,1
往事,1
认清,1
生活,1
哥们,1
读烂,1
生活,1
改变,1
达到,1
流水,1
争先,1
没错,1
听歌,1
活过,1
夜路,1
火车,1
现实,1
没有,1
道理,1
喜欢,1
女生,1
草东,1
河北,1
乐队,1
台北,1
愿意,1
烂泥,1
朋友,1
草东,1
喜欢,1
女孩儿,1
歌词,1
想要,1
派对,1
草东,1
成仙,1
人落,1
版权,1
样子,1
云买,1
恢复,1
版权,1
想要,1
化作,1
想要,1
烂泥,1
喜欢,1
风格,1
情绪,1
看好,1
审美,1
国人,1
昏鸦,1
喜欢,1
乐队,1
宇宙,1
质量,1
构成,1
鴉樂隊,1
紅糖,1
時間,1
森林,1
童話,1
爸爸,1
喜欢,1
昏鸦,1
没有,1
月色,1
属于,1
俗套,1
喜欢,1
所有人,1
棒子,1
男生,1
主唱,1
软派,1
艺术,1
国家,1
苏打,1
开始,1
日光,1
乐队,1
审美观,1
中国,1
时候,1
知道,1
东湖,1
通宵,1
名字,1
虎啸,1
大家,1
回家,1
门禁,1
反义词,1
东湖,1
东海,1
顶不住,1
速度,1
跳水,1
表现手法,1
艺术,1
转身,1
跳入,1
下肚,1
哥哥,1
准考证,1
乐队,1
疫情,1
加油,1
结束,1
东湖,1
大家,1
造浪,1
欢迎,1
东湖,1
拒绝,1
啤酒,1
东湖,1
高考,1
想法,1
现场,1
东湖,1
长江,1
释放,1
结尾,1
有没有,1
发现,1
想像,1
标准,1
台湾,1
东街,1
派对,1
没有,1
感觉,1
耳鼻喉,1
医院,1
泛起,1
微笑,1
丑脸,1
网易,1
版权,1
样子,1
控制,1
进来,1
不住,1
网易,1
草东,1
做梦,1
看不看,1
演出,1
跳动,1
歌词,1
带来,1
起来,1
电子,1
版本,1
男人,1
丹比,1
回春,1
导致,1
记忆力,1
减退,1
回春,1
循环,1
惊跳,1
政策,1
想生,1
时候,1
回春,1
评论,1
全用,1
青春,1
进补,1
记得,1
杂志,1
名字,1
点赞,1
回春,1
东西,1
男人,1
兴奋,1
房间,1
带给,1
被子,1
时候,1
听到,1
兴奋,1
东西,1
音乐节,1
能力,1
留不住,1
首歌,1
错过,1
歌名,1
包容,1
抓住,1
软糖,1
认识,1
开始,1
生活,1
拒绝,1
未知,1
月亮,1
首歌,1
喜欢,1
声音,1
跟唱,1
一女,1
时候,1
变成,1
拒绝,1
蛋炒饭,1
暴雨,1
是否,1
好像,1
毕业,1
还有,1
状态,1
等到,1
看过,1
停靠,1
看过,1
蛋糕,1
知道,1
想到,1
版本,1
像是,1
版本,1
喜欢,1
觉得,1
喜欢,1
震撼,1
歌曲,1
中国,1
节目,1
演绎,1
歌手,1
支持,1
眼眉,1
青春,1
美丽,1
时候,1
心情,1
喜欢,1
木吉他,1
嗓子,1
米店,1
原版,1
秀水街,1
赞钱,1
插间,1
乐队,1
大街,1
世界,1
默认,1
锤子,1
铃声,1
座位,1
房间,1
舞步,1
歌手,1
现场,1
伴奏,1
米店,1
烟雨,1
不出,1
撑起,1
方向,1
野孩子,1
爱情,1
不会,1
钟情,1
来临,1
撑起,1
可能,1
划着,1
断桨,1
出发,1
想要,1
声音,1
听到,1
浓烟,1
年少,1
年少时,1
首歌,1
打开,1
姑娘,1
肯定,1
听的歌,1
皱纹,1
肚腩,1
带来,1
沧桑,1
拥有,1
忍受,1
模样,1
年少,1
主播,1
骂名,1
背负,1
生活,1
欢喜,1
年少,1
喜欢,1
妈妈,1
血栓,1
医院,1
成长,1
头破血流,1
争取,1
妈妈,1
完成,1
亲戚朋友,1
还有,1
时间,1
感觉,1
时候,1
机长,1
蜕变,1
卖花,1
栀子花,1
遇见,1
沙枣,1
中学,1
穿着,1
定西,1
临夏,1
甘肃,1
结束,1
离开,1
时候,1
方言,1
汇聚,1
城市,1
秀水街,1
赞钱,1
插间,1
西北,1
出来,1
打过,1
公司,1
蒸汽,1
片尾曲,1
杀人案,1
拍成电影,1
哈尔滨,1
现场,1
结婚,1
大哭,1
早餐,1
客栈,1
饭店,1
洗过,1
摇头,1
听到,1
理想,1
吉他,1
认为,1
我会,1
成为,1
网易,1
秘书,1
斑马,1
自带,1
二维码,1
斑马,1
睡着,1
知识,1
起来,1
灵魂,1
民谣,1
首歌,1
思绪,1
此曲,1
书房,1
小家,1
媳妇,1
斑马,1
进去,1
安河桥,1
补妆,1
手机,1
请帖,1
榜单,1
评论,1
网易,1
小时候,1
舍得,1
刮出,1
粉丝,1
知道,1
发现,1
走进,1
人类,1
墙角,1
命运,1
认识,1
逼婚,1
男友,1
血丝,1
讯息,1
人们,1
找到,1
女朋友,1
分开,1
不会,1
知道,1
版本,1
青藏高原,1
感觉,1
还有,1
好像,1
头顶,1
小路,1
背影,1
父女,1
支持,1
潮白河,1
学长,1
首歌,1
绵阳,1
看不完,1
鸽子,1
民谣,1
孩子,1
躲到,1
边境,1
天际,1
运用,1
流行,1
演唱风格,1
飞去,1
牧民,1
草原,1
警察局,1
倾诉,1
朋友,1
歌词,1
玩笑,1
有点像,1
体验,1
爸妈,1
见识,1
看到,1
首歌,1
悬崖,1
落入,1
给水,1
排水,1
春花,1
作词,1
艺名,1
已成,1
捕捉,1
发怒,1
高考,1
星空,1
害怕,1
作业,1
落入,1
跌落,1
推落,1
跌落,1
知道,1
私信,1
开熏,1
流泪,1
我会,1
嘲笑,1
认为,1
希望,1
没有,1
放弃,1
首歌,1
复习,1
考研,1
誓死,1
轮回,1
命运,1
赖床,1
落入,1
地板,1
孩子,1
来到,1
世界,1
余力,1
不留,1
喜欢,1
抽烟,1
女孩,1
不会,1
喜欢,1
结束,1
直到,1
生活,1
对方,1
相交,1
男生,1
出格,1
足球,1
备起,1
爱情,1
转身,1
烈日,1
风声,1
电影,1
男生,1
抽泣,1
首歌,1
舞台,1
锦鲤,1
没有,1
逝去,1
感觉,1
评论,1
知道,1
王者,1
喜欢,1
好玩,1
名字,1
介绍,1
姐姐,1
唱入,1
声音,1
角落,1
现场,1
爱心,1
先锋,1
老师,1
见到,1
个人,1
时候,1
爱心,1
唱歌,1
用来,1
爱情,1
形容,1
歌词,1
接收,1
文学性,1
记得,1
散落,1
妻子,1
旋木,1
没有,1
方向,1
来电,1
没有,1
号码,1
耳麦,1
病死,1
知道,1
知道,1
名字,1
旋木,1
出场,1
前男友,1
木马,1
爆炸,1
旋转,1
旋转,1
感情,1
木马,1
木马,1
旋转,1
没有,1
回国,1
女儿,1
难过,1
不能,1
离场,1
视线,1
时候,1
木马,1
旋转,1
世界,1
失格,1
欢喜,1
走时,1
喜欢,1
自信,1
举起,1
回去,1
称霸,1
回到,1
逆光,1
绿光,1
知道,1
再见,1
感觉,1
首歌,1
下载,1
好像,1
音乐,1
病痛,1
老爸,1
音像店,1
耳机,1
上架,1
长大,1
逆光,1
记忆里,1
作业,1
眼泪,1
继续,1
逆光,1
开始,1
兄弟,1
森林,1
扑灭,1
考研,1
愿望,1
加油,1
适合,1
情歌,1
女生,1
首歌,1
忧伤,1
玩坏,1
步行街,1
没有,1
点播,1
首歌,1
没法,1
尖儿,1
事儿,1
喜欢,1
小学,1
哥哥,1
首歌,1
好听,1
绿光,1
山顶,1
层层,1
胸毛,1
女友,1
语文,1
朋友,1
体育老师,1
空气,1
看到,1
糟蹋,1
评价,1
喜欢,1
否认,1
样子,1
记得,1
开心,1
真话,1
时间,1
积累,1
取消,1
删掉,1
遇见,1
晚一点,1
没有,1
地方,1
跟着,1
哼完,1
不会,1
可能,1
低头,1
皇后,1
呵护,1
仪式,1
毒药,1
接触,1
字眼,1
男朋友,1
耳机,1
放弃,1
日子,1
充溢,1
闹铃,1
适合,1
结婚,1
情感,1
无知,1
知道,1
意见,1
风景,1
离开,1
感情,1
在校,1
图书馆,1
坐在,1
图书馆,1
作词,1
参与,1
标注,1
空灵,1
歌声,1
唱出,1
郑州,1
首歌,1
演唱会,1
复习,1
版本,1
期待,1
曲线,1
抛物线,1
讨论,1
没有,1
对象,1
没有,1
未满,1
恋人,1
沸腾,1
热水,1
接近,1
没有,1
觉得,1
关系,1
喜欢,1
代表,1
哀伤,1
不该,1
爱情,1
前奏,1
当作,1
了爱,1
起来,1
首歌,1
抱怨,1
时候,1
声音,1
睡着,1
初闻,1
中意,1
不知,1
评论,1
还有,1
认识,1
时候,1
床上,1
首歌,1
得来,1
首歌,1
外传,1
世界,1
爱情,1
拼得,1
首歌,1
合唱,1
众人,1
火出,1
天际,1
错误,1
等到,1
晚安,1
敬给,1
杯酒,1
回首,1
亮光,1
屏幕,1
喜欢,1
首歌,1
意义,1
室友,1
感动,1
恶心,1
说谎,1
淘汰,1
洋葱,1
直到,1
含义,1
遇到,1
时候,1
伤口,1
离婚,1
店里,1
坐在,1
觉得,1
传给,1
怂恿,1
首歌,1
打扰,1
喜欢,1
电话,1
结果,1
打给,1
听到,1
忍住,1
了找,1
暗恋,1
手电筒,1
总会,1
俗世,1
阳关,1
生活,1
希望,1
磨难,1
改变,1
不想,1
转弯,1
不太会,1
改变,1
世界,1
就算,1
爱情,1
运气,1
可能,1
首歌,1
感觉,1
自卑,1
内向,1
地方,1
爱情,1
吸引,1
败给,1
爱心,1
回家,1
发现,1
评论,1
首歌,1
抱抱,1
相隔,1
想要,1
遇见,1
我会,1
角落里,1
秒钟,1
新歌,1
眼睛,1
转角,1
移愿,1
泪滴,1
没有,1
类人,1
元气,1
麻痹,1
手掌,1
知道,1
浮现,1
笑脸,1
水花,1
性格,1
奇遇,1
本质,1
偏爱,1
占据,1
成为,1
评论,1
时候,1
网易,1
哔哩,1
水花,1
山海,1
视频,1
山海,1
背景音乐,1
睡出,1
单人床,1
高山,1
不用,1
院子,1
笑语,1
无限,1
疾响,1
轻融,1
没有,1
光芒,1
锋芒,1
风吹,1
共存,1
频率,1
方能,1
已识,1
天地,1
工地,1
事情,1
走出,1
牵绊,1
愿意,1
没有,1
心情,1
年轮,1
爱情,1
不完,1
深圳,1
轻拂,1
缺陷,1
性格,1
内向,1
感动,1
家人,1
歌手,1
眼泪,1
音乐节,1
跟唱,1
父母,1
在座,1
活到,1
朋友,1
成年人,1
接受,1
看不上,1
找对象,1
样子,1
日记,1
可能,1
生活,1
安慰,1
走上,1
面对,1
爱人,1
未知,1
错误,1
山路,1
民谣,1
未眠,1
听到,1
脚步,1
小王,1
倾注,1
首歌,1
同学,1
剩下,1
胆子,1
过分,1
眼睛,1
闪烁,1
眼睛,1
看见,1
有点,1
世俗,1
做作,1
离家,1
无法,1
上帝,1
知道,1
泪珠,1
站成,1
性格,1
奇遇,1
本质,1
父女,1
背影,1
母子,1
代表,1
变得,1
世俗,1
过程,1
觉得,1
人生,1
远行,1
难耐,1
人形,1
儿子,1
堵死,1
没有,1
没有,1
遇见,1
不会,1
父母,1
在座,1
活到,1
诅咒,1
评论,1
奶奶,1
想念,1
学校,1
电影院,1
可能,1
片头曲,1
幼鸟,1
指南,1
威胁,1
猜对,1
暗黑,1
卧槽,1
反派,1
主打,1
防诈,1
宣传,1
大学生,1
幼鸟,1
指南,1
肯定,1
幼鸟,1
人人,1
诈骗,1
电信,1
宣传,1
吸气,1
结束,1
吐气,1
哀嚎,1
巨兽,1
好听,1
惩罚,1
找寻,1
遭受,1
觉得,1
喜欢,1
讨厌,1
就算,1
傻子,1
凡人,1
一界,1
没有,1
有点,1
人生,1
歌词,1
听懂,1
没有,1
神经,1
搞怪,1
喜欢,1
样子,1
头发,1
控制,1
不住,1
喜欢,1
男人,1
房子,1
梦想,1
接受,1
阶段,1
父亲,1
饮一壶,1
烈酒,1
作心,1
前嫌,1
希望,1
冰释,1
山路,1
茅屋,1
恍如,1
故乡,1
少年人,1
死亡,1
歌词,1
编曲,1
老师,1
灵魂,1
安放,1
表演,1
座上客,1
月光,1
死亡,1
天地,1
喜欢,1
原因,1
编曲,1
看到,1
苦短,1
人生,1
逼成,1
生生,1
厌恶,1
爱惜,1
花儿,1
关系,1
没有,1
前嫌,1
歌手,1
中国,1
个人感觉,1
热浪,1
窗子,1
梦回,1
青鸟,1
成病,1
知向,1
青春,1
信仰,1
加入,1
花钱买,1
专辑,1
踏上,1
舞台,1
看见,1
梦想,1
放弃,1
承受,1
老师,1
传播,1
首歌,1
没有,1
样子,1
可笑,1
武汉,1
爱心,1
樱花,1
话语权,1
我会,1
传唱,1
妈妈,1
许愿,1
回到,1
陪伴,1
网易,1
小说,1
直击,1
人心,1
结局,1
照顾,1
打扫,1
遇到,1
比如,1
星空,1
关心,1
触及,1
改变,1
世界,1
就算,1
遇见,1
角落里,1
质量,1
吓人,1
专辑,1
信号,1
首歌,1
安慰,1
歌曲,1
专辑,1
收录,1
总结,1
曲目,1
专辑,1
首歌,1
送给,1
医生,1
星河,1
抬头,1
初现,1
抱紧,1
不够,1
气力,1
抚平,1
合唱,1
加成,1
总结,1
曲目,1
专辑,1
没上,1
专辑,1
曲目,1
总结,1
起到,1
电影,1
时间,1
喜欢,1
喜欢,1
看一遍,1
出来,1
首歌,1
诠释,1
嗓音,1
重庆,1
看看,1
森林,1
回忆录,1
记载,1
知道,1
龙哥,1
看到,1
感觉,1
知道,1
搭理,1
顿顿,1
结果,1
大哭,1
感觉,1
唱歌,1
不会,1
老子,1
时候,1
屏幕,1
磁带,1
喜欢,1
听完,1
低估,1
唱功,1
东西,1
首歌,1
起来,1
糖果,1
粤语歌,1
引起,1
大家,1
恭祝,1
发过,1
感太,1
開始,1
代入,1
高峰期,1
错开,1
听歌,1
传承,1
音响,1
播放,1
粤语歌,1
年味,1
失去,1
找回,1
听听,1
行大运,1
人人,1
鼓手,1
乐队,1
大家,1
签给,1
推荐,1
所有人,1
记得,1
一家人,1
增长,1
好听,1
唱的歌,1
流泪,1
脱脂,1
心想,1
万事,1
放假,1
希望,1
回家,1
遇到,1
帆布,1
我会,1
美国,1
留学,1
首歌,1
女声,1
还有,1
爷爷,1
黄瓜,1
好听,1
唱的歌,1
流泪,1
自杀,1
结束,1
生命,1
源自,1
正版,1
台湾,1
眼眸,1
坦白,1
迫于,1
公司,1
恋爱,1
日本,1
偶像,1
歌曲,1
相册,1
查查,1
原唱,1
勇气,1
觉得,1
喜欢,1
儿子,1
作词,1
作曲,1
想起,1
时间,1
时候,1
男孩,1
喜欢,1
财神,1
底气,1
不渡,1
财神爷,1
狗头,1
可能,1
发达,1
模式,1
循环,1
开始,1
缺钱,1
遇到,1
失眠,1
名字,1
劳动,1
人民,1
失恋,1
了听,1
首歌,1
耳机,1
深渊,1
出货,1
专用,1
顶风,1
赌博,1
警察,1
艺考,1
超乎,1
查分,1
提高,1
必备,1
考研,1
离婚,1
首歌,1
爸妈,1
结果,1
生病,1
铃声,1
符合,1
气氛,1
考研,1
倒计时,1
沒有,1
人情,1
廣東,1
大街,1
广东,1
首歌,1
歌词,1
看看,1
四季歌,1
司机,1
丫头,1
小心,1
超市,1
上班,1
视频,1
表演,1
拿奖,1
飙车,1
超市,1
购物车,1
警官,1
走成,1
大道,1
太平,1
女孩子,1
无疆,1
预祝,1
大家,1
新春,1
恭贺,1
万物,1
壽比,1
南山,1
行行好,1
人点,1
体验,1
香草,1
俱往,1
飞花,1
音乐,1
不能,1
音乐,1
体面,1
女朋友,1
不能,1
漫长,1
笛声,1
可抵,1
艳阳天,1
正版,1
零花钱,1
说明,1
精神,1
偶像,1
色调,1
音乐,1
神游,1
资本,1
大家,1
流行音乐,1
音乐,1
扫墓,1
窥见,1
粒粒,1
唱腔,1
觉得,1
大家,1
名字,1
大哭,1
伸出,1
右手,1
蹦迪,1
笑醒,1
做梦,1
贴心,1
奸笑,1
师妹,1
粒粒,1
植物,1
大家,1
不能,1
粒粒,1
负隅,1
师妹,1
我会,1
报告,1
不会,1
情话,1
土味,1
不用,1
草莓,1
男人,1
分享,1
朋友,1
兄弟,1
模拟出,1
装束,1
打下,1
考试,1
加油,1
爱心,1
没有,1
搓衣板,1
穿上,1
创建,1
王国,1
确定,1
奸笑,1
不入,1
钟情,1
外星,1
命名,1
登上,1
情况,1
地区,1
性格,1
事情,1
幻想,1
韩国,1
颜饭,1
进来,1
男人,1
喜欢,1
冠军,1
颁给,1
大笑,1
首歌,1
进入,1
世界,1
电影,1
想要,1
巴黎,1
性格,1
实力,1
坐在,1
曲风,1
成就,1
综艺,1
顶级,1
外国人,1
结果,1
老师上课,1
生物,1
看见,1
冠军,1
击剑,1
赐予,1
用对,1
宝物,1
留下,1
清风,1
响起,1
还有,1
联系,1
穿着,1
道路,1
融合,1
风格,1
氛围,1
性感,1
超棒,1
音乐,1
制作,1
枷锁,1
首歌,1
音乐,1
略带,1
部分,1
个人风格,1
能量,1
热带,1
元素,1
出现,1
首歌,1
散步,1
天堂,1
首歌,1
好听,1
觉得,1
美国,1
口音,1
电视台,1
首歌,1
翻译,1
歌名,1
现场表演,1
嫌弃,1
首歌,1
排行,1
听的歌,1
听歌,1
风格,1
做出,1
学校,1
广播,1
上线,1
无法,1
写满,1
求证,1
喜欢,1
想法,1
作品,1
好了吗,1
收信人,1
准备,1
歌手,1
超强,1
电影,1
答案,1
找到,1
支撑,1
尾楼,1
枷锁,1
束缚,1
说话,1
唱歌,1
办法,1
没有,1
留下来,1
手势,1
意思,1
绝育,1
歌词,1
起来,1
说话,1
奶奶,1
男粉,1
理解,1
来自,1
觉得,1
局限,1
时间,1
预告,1
直播,1
时候,1
选择,1
时候,1
牵绊,1
呢喃,1
大海,1
看着,1
海风,1
坐在,1
落日余晖,1
放到,1
专辑,1
没有,1
妹妹,1
抽烟,1
知道,1
运用,1
音色,1
比伯,1
听出,1
感觉,1
音乐,1
评论,1
差距,1
感觉,1
颗粒感,1
变声期,1
总能,1
草地,1
心坎,1
难听,1
没有,1
好听,1
封面,1
寻找,1
做下,1
没有,1
手机,1
事情,1
类型,1
穿鞋,1
应该,1
期待,1
希望,1
没有,1
知道,1
专辑,1
不会,1
过得去,1
专业,1
带来,1
魅力,1
嗓声,1
能够,1
照射,1
寻找,1
窒息,1
空间,1
风格,1
宣传,1
专辑,1
失物招领,1
专辑,1
弹幕,1
告诉,1
大哭,1
女生节,1
礼物,1
面子,1
车窗,1
摇下,1
首站,1
曼谷,1
泰国,1
现场,1
演唱会,1
宣发,1
音乐,1
世界,1
水准,1
制作,1
特质,1
后劲,1
没用,1
东西,1
出歌,1
脑子里,1
首歌,1
画面,1
适合,1
瞎扯,1
敷衍,1
觉得,1
欧美,1
出生,1
分离,1
听歌,1
情歌,1
分散,1
声音,1
保养,1
精品,1
冲刷,1
留下,1
变成,1
首歌,1
原地,1
希望,1
大家,1
中国,1
感谢,1
勾人,1
迷人,1
路过,1
能挡,1
单曲,1
魔力,1
听说,1
考试,1
拥有,1
发生,1
世界,1
心声,1
强强,1
还原,1
性感,1
声音,1
陷落,1
星空,1
旋转,1
歌手,1
像是,1
说唱,1
爆裂,1
揪住,1
原本,1
膝下,1
我会,1
音乐,1
婉转,1
产生,1
男生,1
觉得,1
性感,1
钢铁,1
女儿,1
经纪人,1
通告,1
顶流,1
首歌,1
适合,1
迷住,1
是否,1
怀疑,1
小品,1
谈恋爱,1
宣传,1
没有,1
前奏,1
甜品,1
口味,1
歌曲,1
首歌,1
收到,1
爱心,1
怀疑,1
示爱,1
嵩哥,1
恋爱,1
煽情,1
字句,1
不来,1
知道,1
时候,1
大学,1
流程,1
前奏,1
没了,1
样子,1
不值钱,1
老几,1
得出,1
嘲讽,1
变成,1
青春,1
大家,1
词曲,1
独创,1
歌手,1
分院,1
首歌,1
嵩哥,1
走完,1
旅程,1
长跑,1
上班,1
女友,1
感觉,1
恋爱,1
光棍,1
找到,1
嵩哥,1
媳妇,1
喜欢,1
放在,1
装作,1
歌手,1
唱歌,1
指挥,1
恶意,1
不会,1
首歌,1
看看,1
跟着,1
听到,1
感情,1
首歌,1
鼓掌,1
窥见,1
神经,1
观音,1
姑娘,1
公子,1
立志,1
厨师,1
毕业,1
嵩哥,1
变化,1
音乐,1
钟情,1
姑娘,1
找到,1
音符,1
沉淀,1
阅历,1
厨房,1
负责,1
厅堂,1
播放,1
晚报,1
打榜,1
征婚,1
算是,1
大哭,1
埋头,1
写歌,1
音乐,1
没有,1
书架上,1
嵩哥,1
广播,1
幽灵,1
安排,1
调皮,1
做菜,1
摄影,1
编程,1
认识,1
妹妹,1
女朋友,1
搜索,1
中学,1
记得,1
妹妹,1
姿色,1
大哭,1
织毛衣,1
老妈,1
暖气,1
说唱,1
歌词,1
剧情,1
抹去,1
留下,1
痕迹,1
电话,1
开始,1
声音,1
指甲,1
触屏,1
机是,1
网络,1
记得,1
歌手,1
起来,1
旋律,1
首歌,1
姿色,1
韵味,1
妹妹,1
歌曲,1
专属,1
音乐,1
海蝶,1
进入,1
首歌,1
认识,1
葬礼,1
玫瑰花,1
实在,1
音乐,1
海蝶,1
总监,1
没有,1
时候,1
足够,1
首歌,1
白血病,1
嵩哥,1
青春,1
死寂,1
涌动,1
收藏,1
进来,1
消息,1
知道,1
大合唱,1
受欢迎,1
谣言,1
死去,1
女朋友,1
丢脸,1
目光,1
女朋友,1
男生,1
首歌,1
喜欢,1
显得,1
文化,1
不会,1
记得,1
没有,1
拿笔,1
歌手,1
旅游,1
摄影师,1
生动,1
时光,1
可能,1
喜欢,1
炒作,1
知道,1
不能,1
唱功,1
词曲,1
时候,1
梦游,1
翻墙,1
觉得,1
失落,1
音乐,1
话语,1
对待,1
没有,1
理会,1
杀伤力,1
没有,1
好像,1
喜欢,1
幻听,1
满身,1
走来,1
高铁,1
媳妇,1
跳跳,1
爱心,1
递过去,1
记得,1
中国,1
风是,1
宫廷,1
半城,1
庐州,1
不见,1
坐在,1
时间,1
感觉,1
觉得,1
喜欢,1
考场,1
转眼,1
各奔东西,1
没有,1
时候,1
歌曲,1
首歌,1
请举手,1
听到,1
枇杷树,1
手植,1
谁知,1
传唱,1
同学,1
记得,1
应该,1
独留,1
天堂,1
彷徨,1
奶奶,1
外婆,1
没能,1
窑子,1
付钱,1
不用,1
无关,1
声音,1
在乎,1
采访,1
文章,1
现代版,1
作词,1
洒脱,1
桌子,1
得去,1
做饭,1
循环,1
播放,1
大哭,1
半城,1
庐州,1
不见,1
知道,1
语文,1
写作文,1
部分,1
听到,1
小孩子,1
听到,1
深度,1
万事,1
峨眉,1
丐帮,1
音乐,1
拓出,1
孑然,1
哼唱,1
下载,1
能耐,1
嵩哥,1
评判,1
非主流,1
长安,1
太平,1
血红,1
音乐,1
音色,1
谈到,1
老师,1
抄在,1
程度,1
流转,1
渡口,1
洒下,1
怀旧,1
回忆,1
全部,1
挽救,1
歌词,1
作文,1
不能,1
部分,1
副歌,1
昵称,1
我会,1
公子,1
女子,1
深情,1
看到,1
调侃,1
争论,1
大家,1
流泪,1
唱首歌,1
语法错误,1
老师,1
表示,1
大叔,1
喜欢,1
老师,1
反应,1
试试看,1
记起,1
认识,1
可惜,1
大哭,1
改名,1
合肥,1
头枕,1
内置,1
歌声,1
首歌,1
合肥,1
没法,1
迟到,1
同学,1
规定,1
大哭,1
大哭,1
合肥,1
兰陵,1
起来,1
感觉,1
表达,1
首歌,1
感情,1
门票,1
演唱会,1
合肥,1
名字,1
概念,1
改名,1
改成,1
庐州,1
镜子,1
看着,1
时候,1
机会,1
不会,1
阿姆斯特丹,1
有着,1
离家,1
西装,1
可能,1
不太会,1
不能,1
诱惑力,1
致命,1
毒药,1
觉得,1
脊梁,1
逝去,1
长大,1
喜欢,1
发现,1
人生,1
饭店,1
红色,1
好像,1
没有,1
大家,1
机会,1
怀疑,1
个人,1
前奏,1
不能,1
电影版,1
首歌,1
属于,1
评论,1
老妈,1
外婆,1
聊起,1
不会,1
时候,1
大都,1
混蛋,1
写给,1
眼泪,1
留下,1
爱情,1
男方,1
家具市场,1
听说,1
不惑,1
听懂,1
流泪,1
孩子,1
房子,1
长大,1
记得,1
年少时,1
首歌,1
红灯,1
打车,1
男孩子,1
梦想,1
小时候,1
没错,1
听歌,1
年少,1
不知,1
抵不过,1
远胜,1
胜雪,1
棺材,1
有没有,1
知道,1
不会,1
失去,1
阴影,1
表达,1
纵观,1
旨在,1
男朋友,1
首歌,1
校草,1
演唱会,1
烧毁,1
幻乐,1
揣摩,1
唱腔,1
继续,1
嗓子,1
老妖,1
任性,1
觉得,1
股子,1
洒脱,1
觉得,1
喜欢,1
评论,1
记得,1
觉得,1
现场,1
大笑,1
女生,1
醒醒,1
世俗,1
命短,1
原因,1
超越,1
不了,1
迎接,1
等待,1
读懂,1
胭脂,1
没有,1
女人,1
翻唱,1
味道,1
首歌,1
注意,1
出来,1
觉得,1
天定,1
患病,1
壽命,1
话语,1
母亲,1
语音,1
首歌,1
觉得,1
女强人,1
花空,1
劝君,1
金缕衣,1
首歌,1
唱起,1
节奏,1
男生,1
女生,1
首歌,1
停不住,1
歌手,1
变性,1
告别,1
演唱会,1
结婚,1
鼓点,1
首歌,1
前卫,1
日本,1
提过,1
联合,1
怀念,1
相见,1
哀伤,1
翻唱,1
存在,1
音乐,1
相见,1
怀念,1
内地,1
流行,1
乐坛,1
欢笑,1
回忆,1
时候,1
闪电,1
再见,1
独守,1
世故,1
擅长,1
联系,1
确定,1
放弃,1
可惜,1
猜猜猜,1
版本,1
应该,1
合格,1
前任,1
关系,1
歌曲,1
送给,1
飞鸟,1
组合,1
耳力,1
结果,1
对方,1
出轨,1
词曲,1
苦恋,1
故事,1
不出,1
音乐,1
好歌,1
主角,1
缘浅,1
情深,1
经历,1
没有,1
就算,1
东西,1
男人,1
没用,1
小时,1
地方,1
看到,1
不会,1
异地,1
结局,1
牢记,1
不会,1
感情,1
没有,1
怀念,1
陪伴,1
时候,1
感谢,1
陶喆,1
低估,1
陶喆,1
爱心,1
诠释,1
入选,1
陶喆,1
低估,1
出来,1
陶喆,1
编曲,1
陶喆,1
超前,1
流行歌曲,1
推荐,1
遗忘,1
像加,1
好听,1
特技,1
感觉,1
脚步,1
叹息,1
编曲,1
程度,1
鞋里,1
抖落,1
魔力,1
陶喆,1
停不下来,1
时候,1
音乐,1
艺术家,1
流泪,1
神曲,1
乐坛,1
首歌,1
搜来,1
舍友,1
首歌,1
听懂,1
熬夜,1
抽烟,1
时候,1
老师,1
晚会,1
临盆,1
妈妈,1
胎教,1
评论,1
起码,1
功能,1
首歌,1
渡边,1
直子,1
值得,1
天上人间,1
歌颂,1
样子,1
冒犯,1
行走,1
觉得,1
世间,1
重温,1
人间,1
男生,1
写字,1
故事,1
职责,1
自有,1
年轻人,1
听歌,1
医生,1
知道,1
出轨,1
不会,1
据说,1
江南水乡,1
牵扯,1
回忆,1
大姐,1
寻找,1
不想,1
现实,1
不能,1
推移,1
想到,1
首歌,1
起来,1
交给,1
运气,1
星座,1
表达,1
首歌,1
新郎,1
说话,1
看着,1
新娘,1
演唱,1
触动,1
能否,1
路过,1
想法,1
婚纱店,1
没有,1
时候,1
顾及,1
大雨,1
有钱人,1
出嫁,1
深情,1
感动,1
出现,1
吹乱,1
敬酒,1
首歌,1
死活,1
要饭,1
小子,1
男人,1
建议,1
女孩子,1
评论,1
经典,1
远离,1
男人,1
长命百岁,1
时间,1
忘掉,1
起来,1
干嘛,1
像是,1
少女,1
懵懂,1
婚姻,1
游戏,1
精神,1
寄托,1
首歌,1
直播,1
时候,1
改成,1
结束,1
心碎,1
修改,1
分组,1
置顶,1
唱成,1
故事,1
还给,1
忘掉,1
做到,1
人能,1
钢琴,1
声音,1
打开,1
连名带姓,1
有没有,1
雪融,1
时候,1
醉酒,1
想起,1
生活,1
感慨,1
狂欢,1
连名带姓,1
提起,1
难过,1
起来,1
吓人,1
连名带姓,1
知道,1
忘不掉,1
解气,1
感觉,1
少有,1
女权主义,1
作品,1
男人,1
表示,1
只能,1
声音,1
女权,1
呐喊,1
女性,1
听到,1
权利,1
女权,1
女人,1
男性,1
剥夺,1
女权主义,1
理由,1
发明,1
男人,1
三宫六院,1
需求,1
死绝,1
人类,1
男性,1
平权,1
女权,1
人权,1
感觉,1
演唱会,1
时候,1
专门,1
遭遇,1
女子,1
女性,1
骨髓细胞,1
诱导,1
小白,1
喜欢,1
重量,1
听到,1
表现,1
尾音,1
引战,1
名声,1
故去,1
首歌,1
表现,1
药店,1
工作,1
重度,1
不用,1
爆发力,1
歌唱,1
爵士,1
唱成,1
大哭,1
逝者,1
兄弟,1
理智,1
听到,1
歌手,1
表达,1
声音,1
传达,1
透过,1
想请,1
做梦,1
大哭,1
讨厌,1
禁止,1
动粗,1
颤抖,1
笑容,1
时候,1
弄脏,1
嫌血,1
相信,1
大都,1
四射,1
起承转合,1
就让,1
毒唯,1
干的事,1
故事,1
情歌,1
自虐,1
大哭,1
还有,1
好听,1
老娘,1
完叫,1
女王,1
技术,1
音色,1
乐坛,1
警察,1
叔叔,1
现实,1
联想,1
老师,1
感觉,1
饭圈,1
现实,1
揭开,1
看看,1
兴奋,1
现实,1
喜欢,1
没有,1
女人,1
捍卫,1
追寻,1
权利,1
衣柜,1
不算,1
男生,1
普通人,1
唱到,1
歧视,1
谩骂,1
没有,1
支持,1
同志,1
出柜,1
家人,1
希望,1
首歌,1
时说,1
演唱会,1
同性恋,1
换成,1
故事,1
世界,1
中国,1
同志,1
挤到,1
睡觉,1
床上,1
出来,1
经人,1
歌儿,1
选择,1
放弃,1
家庭,1
首歌,1
高考,1
评论,1
老师,1
点名,1
发明,1
音乐,1
人类,1
网易,1
女王,1
地位,1
享受,1
空洞,1
发现,1
适合,1
生物,1
大哭,1
超赞,1
歌手,1
歌曲,1
发明,1
人类,1
考试,1
奸笑,1
辩证法,1
唯心主义,1
模仿,1
美丽,1
排比句,1
灵魂,1
力图,1
形状,1
发现,1
人类,1
相亲,1
震撼,1
想法,1
大哭,1
方式,1
吓人,1
碰撞,1
出不,1
音乐,1
中国,1
歌手,1
淘汰,1
粗口,1
知道,1
回来,1
怨气,1
失败,1
回春,1
大哭,1
首歌,1
匪徒,1
遇到,1
首歌,1
连唱,1
老娘,1
飞过去,1
东西,1
电子,1
适合,1
比起,1
盆友,1
吵架,1
时代,1
女歌手,1
金属,1
大哭,1
还有,1
好听,1
字幕,1
禁用,1
声音,1
风格,1
天后,1
封面,1
真人,1
照片,1
整张,1
听完,1
专辑,1
觉得,1
创新,1
新辑,1
点赞,1
期待,1
床边,1
个人,1
电影,1
类比,1
没演,1
还有,1
好歹,1
偏执,1
主打,1
结果,1
吐舌,1
音乐,1
陌生人,1
网易,1
时候,1
发作,1
神曲,1
烂片,1
电影,1
用来,1
打发,1
时代,1
发现,1
电影院,1
时候,1
烂片,1
觉得,1
烂片,1
追到,1
适合,1
时代,1
集结,1
质量,1
眼光,1
催泪,1
烂片,1
画质,1
时代,1
星动,1
神片,1
大家,1
好听,1
失望,1
觉得,1
时代,1
好看,1
看来,1
电影,1
回忆,1
结局,1
成立,1
财产,1
问题,1
肯定,1
电影,1
